Driver ID,Name,Class,Manufacturers,Models,Capabilities,Power Source
"air_quality_comprehensive","Comprehensive Air Monitor","sensor","_TZ3000_01gpyda5;_TZ3000_0dumfk2z;_TZ3000_0ghwhypc;_TZ3000_0ht8dnxj;_TZ3000_0s1izerx;_TZ3000_49qchf10;_TZ3000_4rbqgcuv;_TZ3000_4uf3d0ax;_TZ3000_8gs8h2e4;_TZ3000_akqdg6g7;_TZ3000_gjnozsaz;_TZ3000_h1ipgkwn;_TZ3000_ji4araar;_TZ3000_jr2atpww;_TZ3000_kpatq5pq;_TZ3000_kqvb5akv;_TZ3000_kqvb8qa8;_TZ3000_krajfo4p;_TZ3000_ljhbw1c9;_TZ3000_ltt60asa;_TZ3000_m7wtqkfw;_TZ3000_mx3vgyea;_TZ3000_nnwehhst;_TZ3000_odygigth;_TZ3000_pmz6mjyu;_TZ3000_qzjcsmar;_TZ3000_rqbjepe8;_TZ3000_tqlv4ug4;_TZ3000_tx5b5gp3;_TZ3000_vjhcenzo;_TZ3000_vsasbzkf;_TZ3000_w0qqde0g;_TZ3000_wrhhi5h2;_TZ3000_ww6drja5;_TZ3000_xkwalgne;_TZ3000_ya9ekqwp;_TZ3000_zhhcsbrz;_TZ3000_zmy4lslw;_TZ3000_xkap8wtb;_TZ3000_lupfd8zu;_TZ3000_fvh3pjaz;_TZ3000_odzoiovu;_TZ3000_ejwkn2h2","TS0005;TS0006;TS0501;TS0001;TS0003;TS0004;TS0011;TS0012;TS0013","measure_temperature;measure_humidity;measure_battery","battery"
"air_quality_monitor","Air Quality Monitor Pro (INTERNAL)","sensor","_TZ1800_ejwkn2h2;_TZ1800_fcdjzz3s;_TZ2000_a476raq2;_TZ2000_avdnvykf;_TZ2000_hjsgdkfl;_TZ3000_bvrlqyj7;_TZ3000_o005nuxx;_TZ3000_ssp0maqm","TS0014","measure_co2;measure_temperature;measure_battery","battery"
"air_quality_monitor_advanced","Air Quality Monitor","sensor","","TS0041;TS0042;TS0043;TS0044","measure_pm25;measure_battery","battery"
"air_quality_pm25","Pm25 Detector","sensor","_TZE200_dwcarsat;_TZE200_ryfmq5rl;_TZE284_sgabhwa6;_TZE200_cowvfni3;_TZE200_myd45weu;_TZE200_qoy0ekbd","TS0601","measure_temperature;measure_pm25;measure_battery","battery"
"blind_roller_controller","Roller Blind Controller","sensor","_TZE200_5zbp6j0u;_TZE200_cowvfni3;_TZE200_fctwhugx;_TZE200_nogaemzt;_TZE200_xuzcvlku;_TZE200_myd45weu;_TZE200_qoy0ekbd","TS0601;TS130F","alarm_generic;windowcoverings_state","battery"
"bulb_dimmable","Smart Bulb Dimmer","light","lumi.light.aqcn02;lumi.light.cb2acn","E11-G13;E11-G23;E11-N13;E11-N14;E12-N14;E1C-NB6;E1C-NB7","onoff;dim;light_hue;light_saturation;light_temperature;light_mode","battery"
"bulb_rgb","Smart Bulb Rgb","light","_TZ3000_kdpxju99;_TZ3000_obacbukl;_TZ3000_odygigth;lumi.light.cwopcn02;lumi.light.cwopcn03;_TZ3000_kqvb5akv;_TZ3000_ww6drja5;_TZ3000_ltt60asa;_TZ3000_akqdg6g7","TS0505A;TS0505B","onoff;dim;light_hue;light_saturation;light_temperature;light_mode","battery"
"bulb_rgbw","Smart Bulb Bulb Rgbw","light","_TZ3000_kdpxju99;_TZ3000_obacbukl;_TZ3000_odygigth;_TZ3000_kqvb5akv;_TZ3000_ww6drja5;_TZ3000_ltt60asa;_TZ3000_akqdg6g7","TS0502A;TS0502B;TS0505A;TS0505B;ZB-CL01;generic","onoff;light_hue;light_saturation;light_temperature;light_mode;dim","battery"
"bulb_tunable_white","Bulb Tunable","light","_TZ3210_ngqk6jia;_TZ3210_p9ao60da;_TZ3000_obacbukl;_TZ3000_kdpxju99;_TZ3000_kqvb5akv;_TZ3000_ww6drja5;_TZ3000_ltt60asa;_TZ3000_akqdg6g7","TS0502B;TS0502A","onoff;dim;light_hue;light_saturation;light_temperature;light_mode","battery"
"bulb_white","Smart Bulb White","light","_TZ3210_ngqk6jia;_TZ3210_p9ao60da;_TZ3000_obacbukl;_TZ3000_kdpxju99;_TZ3000_kqvb5akv;_TZ3000_ww6drja5;_TZ3000_ltt60asa;_TZ3000_akqdg6g7","TS0502B;TS0502A","onoff;dim;light_hue;light_saturation;light_temperature;light_mode","battery"
"button_emergency_advanced","Sos Emergency Button","button","","TS0041;default","alarm_generic","battery"
"button_emergency_sos","Sos Emergency Button","button","_TZ3000_0dumfk2z;_TZ3000_26fmupbb;_TZ3000_4uuaja4a;_TZ3000_8rppvwda;_TZ3000_a7ouggvs;_TZ3000_mmtwjmaq;_TZ3000_kmh5qpmb;_TZ3000_axpdxqgu;_TZ3000_cehuw1lw;_TZ3000_cphmq0q7;_TZ3000_dbou1ap4;_TZ3000_el5kt5im;_TZ3000_eo3dttwe;_TZ3000_f97vq5mn;_TZ3000_fa9mlvja;_TZ3000_fkp5zyho;_TZ3000_fllyghyj;_TZ3000_fsiepnrh;_TZ3000_g5xawfcq;_TZ3000_itb0omhv;_TZ3000_iystcadi;_TZ3000_ji4araar;_TZ3000_mcxw5ehu;_TZ3000_n2egfsli;_TZ3000_obacbukl;_TZ3000_odygigth;_TZ3000_oikiyf3b;_TZ3000_owgcnkrh;_TZ3000_p6ju8myv;_TZ3000_peszejy7;_TZ3000_pzui3skt;_TZ3000_qzjcsmar;_TZ3000_tk3s5tyg;_TZ3000_uim07oem;_TZ3000_vp6clf9d;_TZ3000_wkai4ga5;_TZ3000_xabckq1v;_TZ3000_zsh6uat3;lumi.remote.b186acn01;lumi.remote.b186acn02;lumi.remote.b286acn01;lumi.remote.b286acn02;lumi.remote.b486opcn01;_TZ3000_kqvb5akv;_TZ3000_ww6drja5;_TZ3000_ltt60asa;_TZ3000_akqdg6g7","TS0041;TS0215A","alarm_generic;measure_battery","battery"
"button_remote_1","Wireless Switch 1button","sensor","_TZ3000_18ejxno0;_TZ3000_1dd0d5yi;_TZ3000_402jjyro;_TZ3000_46t1rvdu;_TZ3000_4rbqgcuv;_TZ3000_4ugnzsli;_TZ3000_6axxqqi2;_TZ3000_6ygjfyll;_TZ3000_7d8yme6f;_TZ3000_8bxrzyxz;_TZ3000_bczr4e10;_TZ3000_bsvqrux3;_TZ3000_dku2cfsc;_TZ3000_ebar5p3z;_TZ3000_h4wnrtck;_TZ3000_hgu1dlak;_TZ3000_hhiodade;_TZ3000_jl7qyupf;_TZ3000_ke_x0oo3;_TZ3000_kjfzuycl;_TZ3000_lf56vpxj;_TZ3000_ltiqubue;_TZ3000_majwnphg;_TZ3000_msl6wxk9;_TZ3000_nnwehhst;_TZ3000_npzfdcof;_TZ3000_o005nuxx;_TZ3000_otvn3lne;_TZ3000_pdevogdj;_TZ3000_qmi1cfuq;_TZ3000_rmjr4ufz;_TZ3000_tqlv4ug4;_TZ3000_vd43bbfq;_TZ3000_vjhcenzo;_TZ3000_wxtp7c5y;_TZ3000_zmy1waw6;_TZ3000_zmy4lslw;lumi.ctrl_ln1;lumi.ctrl_ln2;lumi.ctrl_neutral1;lumi.ctrl_neutral2;_TZ3000_kqvb5akv;_TZ3000_ww6drja5;_TZ3000_ltt60asa;_TZ3000_akqdg6g7","TS0041","alarm_generic","battery"
"button_remote_2","Wireless Switch 2button","button","_TZ3000_fvh3pjaz;_TZ3000_kqvb5akv;_TZ3000_ww6drja5;_TZ3000_ltt60asa;_TZ3000_akqdg6g7","TS0041","onoff;onoff.button2;alarm_generic","battery"
"button_remote_3","Wireless Switch 3button","socket","_TZ3000_2mbfxlzr;_TZ3000_arfwfgoa;_TZ3000_bi6lpsew;_TZ3000_bvrlqyj7;_TZ3000_dfgbtub0;_TZ3000_ixla93vd;_TZ3000_kqvb5akv;_TZ3000_ww6drja5;_TZ3000_ltt60asa;_TZ3000_akqdg6g7","TS0041","onoff;onoff.button2;onoff.button3","battery"
"button_remote_4","Wireless Switch 4button","button","_TZ3000_4fjiwweb;_TZ3000_abrsvsou;_TZ3000_an5rjiwd;_TZ3000_csflgqj2;_TZ3000_mrpevh8p;_TZ3000_pcqjmcud;_TZ3000_qja6nq5z;_TZ3000_uri7ongn;_TZ3000_kqvb5akv;_TZ3000_ww6drja5;_TZ3000_ltt60asa;_TZ3000_akqdg6g7","TS0041","onoff;onoff.button2;onoff.button3;onoff.button4;alarm_generic","battery"
"button_remote_6","Wireless Switch 6button","button","lumi.remote.b686opcn01","TS0041","onoff;onoff.button2;onoff.button3;onoff.button4;onoff.button5;onoff.button6;alarm_generic","battery"
"button_remote_8","Wireless Switch 8button","button","","TS0041;TS0042;TS0043;TS0044","onoff;onoff.button2;onoff.button3;onoff.button4;onoff.button5;onoff.button6;onoff.button7;onoff.button8;alarm_generic","battery"
"button_shortcut","Shortcut Button (OTHER)","button","","TS0041;TS004F;TS0215A","measure_battery","battery"
"button_wireless","Wireless Button (Universal)","button","","TS0041;TS0042;TS0043;TS0044","alarm_generic;measure_battery","battery"
"button_wireless_1","1-Buttons Wireless Controller","button","_TZ3000_26fmupbb;_TZ3000_qzjcsmar;_TZ3000_a7ouggvs;_TZ3000_adkvzooy;_TZ3000_bi6lpsew;_TZ3000_czuyt8lz;_TZ3000_fvh3pjaz;_TZ3000_tk3s5tya;_TZ3000_vp6clf9d;_TZ3000_xabckq1v;_TZ3400_tk3s5tyg;_TZ3000_kqvb5akv;_TZ3000_ww6drja5;_TZ3000_ltt60asa;_TZ3000_akqdg6g7","TS0041;TS0042;TS0043;TS0044","measure_battery","battery"
"button_wireless_2","2-Buttons Wireless Controller","button","_TZ3000_26fmupbb;_TZ3000_qzjcsmar;_TZ3000_a7ouggvs;_TZ3000_adkvzooy;_TZ3000_bi6lpsew;_TZ3000_d0ypg4o2;_TZ3000_fq1sxfrj;_TZ3000_fvh3pjaz;_TZ3000_vp6clf9d;_TZ3000_xabckq1v;_TZ3400_key8kk7r;_TZ3000_kqvb5akv;_TZ3000_ww6drja5;_TZ3000_ltt60asa;_TZ3000_akqdg6g7","TS0041;TS0042;TS0043;TS0044","measure_battery","battery"
"button_wireless_3","3-Button Wireless Controller","button","_TZ3000_a7ouggvs;_TZ3000_adkvzooy;_TZ3000_akqdg6g7;_TZ3000_bczr4e10;_TZ3000_bi6lpsew;_TZ3000_fvh3pjaz;_TZ3000_kqvb5akv;_TZ3000_ltt60asa;_TZ3000_rrjr1q0u;_TZ3000_vp6clf9d;_TZ3000_w8jwkczz;_TZ3000_ww6drja5;_TZ3000_xabckq1v","TS0041;TS0042;TS0043;TS0044;TS004F","measure_battery;alarm_generic","battery"
"button_wireless_4","4-Buttons Wireless Controller","button","_TZ3000_a7ouggvs;_TZ3000_adkvzooy;_TZ3000_akqdg6g7;_TZ3000_bgtzm4ny;_TZ3000_bi6lpsew;_TZ3000_ee8nrt2l;_TZ3000_fvh3pjaz;_TZ3000_kqvb5akv;_TZ3000_ltt60asa;_TZ3000_pcqjmcud;_TZ3000_rrjr1q0u;_TZ3000_tk3s5tyg;_TZ3000_vp6clf9d;_TZ3000_w8jwkczz;_TZ3000_ww6drja5;_TZ3000_xabckq1v","TS0041;TS0042;TS0043;TS0044;TS004F","measure_battery;alarm_generic","battery"
"button_wireless_6","6-Buttons Wireless Controller","button","_TZ3000_a7ouggvs;_TZ3000_adkvzooy;_TZ3000_bi6lpsew;_TZ3000_fvh3pjaz;_TZ3000_vp6clf9d;_TZ3000_xabckq1v;_TZ3000_kqvb5akv;_TZ3000_ww6drja5;_TZ3000_ltt60asa;_TZ3000_akqdg6g7","TS0041;TS0042;TS0043;TS0044","measure_battery","battery"
"button_wireless_8","8-Buttons Wireless Controller","button","_TZ3000_a7ouggvs;_TZ3000_adkvzooy;_TZ3000_bi6lpsew;_TZ3000_fvh3pjaz;_TZ3000_vp6clf9d;_TZ3000_xabckq1v;_TZ3000_kqvb5akv;_TZ3000_ww6drja5;_TZ3000_ltt60asa;_TZ3000_akqdg6g7","TS0041;TS0042;TS0043;TS0044","measure_battery","battery"
"ceiling_fan","Ceiling Fan","light","_TZE200_eevqq1uv;_TZE200_3towulqd;_TZE284_1emhi5mm;_TZE200_cowvfni3;_TZE200_myd45weu;_TZE200_qoy0ekbd","TS0601","onoff;dim","battery"
"climate_monitor","Temperature Humidity","sensor","_TZ3000_ywagc4rj;_TZ3000_zl1kmjqx;_TZE200_7hfcudw5;_TZE200_a8sdabtg;_TZE200_bjawzodf;_TZE200_bq5c8xfe;_TZE200_dwcarsat;_TZE200_locansqn;_TZE200_nw1r9hp6;_TZE200_qoy0ekbd;_TZE200_whpb9yts;_TZE200_zl1kmjqx;lumi.sensor_ht;lumi.weather;_TZ3000_kqvb5akv;_TZ3000_ww6drja5;_TZ3000_ltt60asa;_TZ3000_akqdg6g7;_TZE200_cowvfni3;_TZE200_myd45weu","TS0201;TS0601","measure_temperature;measure_humidity;measure_battery","battery"
"climate_monitor_co2","Co2 Temp Humidity","sensor","_TZ3000_ywagc4rj;_TZ3000_zl1kmjqx;_TZE200_7bztmfm1;_TZE200_81isopgh;_TZE200_9cxuhakf;_TZE200_a8sdabtg;_TZE200_azqp6ssj;_TZE200_b6wax7g0;_TZE200_c88teujp;_TZE200_ckud7u2l;_TZE200_cwbvmsar;_TZE200_m9skfctm;_TZE200_rxq4iti9;_TZE200_ryfmq5rl;_TZE200_ye5jkfsb;_TZE200_yvx5lh6k;_TZE200_yw7cahqs;_TZE200_znbl8dj5;_TZ3000_kqvb5akv;_TZ3000_ww6drja5;_TZ3000_ltt60asa;_TZ3000_akqdg6g7;_TZE200_cowvfni3;_TZE200_myd45weu;_TZE200_qoy0ekbd","TS0201;TS0601","measure_temperature;measure_humidity;alarm_co;alarm_co2;measure_battery","battery"
"climate_monitor_temp_humidity","Climate Monitor","sensor","_TZ3000_akqdg6g7;_TZ3000_fllyghyj;_TZ3000_kqvb5akv;_TZ3000_ltt60asa;_TZ3000_ww6drja5;_TZ3000_ywagc4rj;_TZ3000_zl1kmjqx;_TZE200_a8sdabtg;_TZE200_bjawzodf;_TZE200_cirvgep4;_TZE200_locansqn;_TZE200_vzqtvljm;_TZE200_whpb9yts;_TZE204_upagmta9;_TZE284_sgabhwa6;_TZE284_vvmbj46n;_TZE200_cowvfni3;_TZE200_myd45weu;_TZE200_qoy0ekbd","TS0201;TS0601","measure_temperature;measure_battery;measure_humidity","battery"
"climate_sensor_soil","Soil Tester Temp Humid","sensor","_TZ3000_akqdg6g7;_TZ3000_kmh5qpmb;_TZ3000_kqvb5akv;_TZ3000_ltt60asa;_TZ3000_qomxlryd;_TZ3000_ww6drja5;_TZ3000_ywagc4rj;_TZ3000_zl1kmjqx;_TZE200_a8sdabtg;_TZE200_c7emyjom;_TZE200_ga1maeof;_TZE200_myd45weu;_TZE200_ycrd8ywq;_TZE204_c7emyjom;_TZE204_myd45weu;_TZE284_oitavov2;_TZE200_cowvfni3;_TZE200_qoy0ekbd;_TZ3000_26fmupbb;_TZ3000_n2egfsli;_TZ3000_4ugnzsli","TS0201;TS0601;TS0203","measure_temperature;measure_humidity;measure_battery;measure_humidity.soil;alarm_contact","battery"
"climate_sensor_temp_humidity_advanced","Temp Humid Sensor Advanced","sensor","_TZ3000_ywagc4rj;_TZ3000_zl1kmjqx;_TZE200_a8sdabtg;_TZ3000_kmh5qpmb;_TZ3000_kqvb5akv;_TZ3000_ww6drja5;_TZ3000_ltt60asa;_TZ3000_akqdg6g7;_TZE200_cowvfni3;_TZE200_myd45weu;_TZE200_qoy0ekbd;_TZ3000_26fmupbb;_TZ3000_n2egfsli;_TZ3000_4ugnzsli","TS0201;TS0601;TS0203","alarm_motion;measure_temperature;measure_humidity;measure_battery;alarm_contact","battery"
"contact_sensor","Contact Sensor","sensor","_TZ3000_26fmupbb;_TZ3000_n2egfsli;_TZ3000_402jjyro;_TZ3000_msl2rxjn;_TZ3000_oxslv1c9;lumi.sensor_magnet;lumi.sensor_magnet.aq2;_TZ3000_kmh5qpmb;_TZ3000_kqvb5akv;_TZ3000_ww6drja5;_TZ3000_ltt60asa;_TZ3000_akqdg6g7;_TZ3000_4ugnzsli","TS0203","alarm_contact;measure_battery","battery"
"contact_sensor_basic","Contact Sensor Basic","sensor","_TZ3000_26fmupbb;_TZ3000_402jjyro;_TZ3000_msl2rxjn;_TZ3000_n2egfsli;_TZ3000_oxslv1c9;_TZ3000_kmh5qpmb;_TZ3000_kqvb5akv;_TZ3000_ww6drja5;_TZ3000_ltt60asa;_TZ3000_akqdg6g7;_TZ3000_4ugnzsli","TS0203","alarm_motion;alarm_contact;measure_battery","battery"
"contact_sensor_multipurpose","Generic Multipurpose Sensor","sensor","_SAMSUNG_generic;_TZ3000_26fmupbb;_TZ3000_402jjyro;_TZ3000_msl2rxjn;_TZ3000_n2egfsli;_TZ3000_oxslv1c9;_TZ3000_kmh5qpmb;_TZ3000_kqvb5akv;_TZ3000_ww6drja5;_TZ3000_ltt60asa;_TZ3000_akqdg6g7;_TZ3000_4ugnzsli","TS0203","alarm_generic;alarm_contact","battery"
"contact_sensor_vibration","Contact & Vibration Sensor","sensor","HOBEIAN;_TZ3000_26fmupbb;_TZ3000_kmh5qpmb;_TZ3000_kqvb5akv;_TZ3000_ww6drja5;_TZ3000_ltt60asa;_TZ3000_akqdg6g7;_TZ3000_n2egfsli;_TZ3000_4ugnzsli","ZG-102ZM;TS0203","alarm_contact;alarm_tamper;measure_battery","battery"
"curtain_motor","Smart Curtain Motor (INTERNAL)","windowcoverings","_TZE200_5zbp6j0u;_TZE200_nogaemzt;_TZE200_xuzcvlku;_TZE200_cowvfni3;_TZE200_myd45weu;_TZE200_qoy0ekbd;_TZE200_nv6nxo0c","TS0601;TS130F","windowcoverings_state;windowcoverings_set;windowcoverings_tilt_set;measure_battery;dim","battery"
"curtain_motor_advanced","Curtain Motor","windowcoverings","_TZE200_5zbp6j0u;_TZE200_nogaemzt;_TZE200_xuzcvlku;_TZE200_cowvfni3;_TZE200_myd45weu;_TZE200_qoy0ekbd","TS0601;TS130F","windowcoverings_set;windowcoverings_state","battery"
"dimmer_touch","Dimmer Touch","light","_TZ3000_7ed9cqgi;_TZ3000_7ysdnebc;_TZ3000_92chsky7;_TZ3000_ktuoyvt5;_TZ3000_vzopcetz;_TZ3000_kqvb5akv;_TZ3000_ww6drja5;_TZ3000_ltt60asa;_TZ3000_akqdg6g7","TS110E;TS110F","onoff;dim","battery"
"dimmer_touch_1gang","Dimmer 1gang Touch","light","","TS110E;TS110F","onoff;dim","battery"
"dimmer_wall","Dimmer Dimmer","light","","TS110E;TS110F","onoff;dim","battery"
"dimmer_wall_1gang","Dimmer 1gang","light","","TS110E;TS110F","onoff;dim","battery"
"dimmer_wireless","Dimmer Wireless","light","_TZ3000_49qchf10;_TZ3000_kdpxju99;_TZ3000_kqvb5akv;_TZ3000_ww6drja5;_TZ3000_ltt60asa;_TZ3000_akqdg6g7","TS110E;TS110F","onoff;dim","battery"
"door_controller","Door Controller","sensor","_TZ3000_kmh5qpmb;_TZ3000_kqvb5akv;_TZ3000_ww6drja5;_TZ3000_ltt60asa;_TZ3000_akqdg6g7;_TZE200_cowvfni3;_TZE200_myd45weu;_TZE200_qoy0ekbd;_TZ3000_26fmupbb;_TZ3000_n2egfsli;_TZ3000_4ugnzsli","TS0601;TS0203","alarm_motion;alarm_contact;measure_battery","battery"
"doorbell","Doorbell Doorbell","sensor","_TZ3000_kmh5qpmb;_TZ3000_kqvb5akv;_TZ3000_ww6drja5;_TZ3000_ltt60asa;_TZ3000_akqdg6g7;_TZ3000_26fmupbb;_TZ3000_n2egfsli;_TZ3000_4ugnzsli","TS0211;TS0203","alarm_motion;alarm_contact;measure_battery","battery"
"doorbell_button","Smart Doorbell Camera (INTERNAL)","sensor","_TZ3000_5e2f3n2h;_TZ3000_7tbsruql;_TZ3000_8nkb7mof;_TZ3000_9eeavbk5;_TZ3000_9hpxg80k;_TZ3000_a33rw7ou;_TZ3000_aaifmpuq;_TZ3000_ali1q8p0;_TZ3000_au1rjicn;_TZ3000_bffkdmp8;_TZ3000_bmg14ax2;_TZ3000_bn4t9du1;_TZ3000_bpkijo14;_TZ3000_bzxlofth;_TZ3000_cfnprab5;_TZ3000_cymsnfvf;_TZ3000_ddcqbtgs;_TZ3000_decxrtwa;_TZ3000_dlhhrhs8;_TZ3000_dpo1ysak;_TZ3000_dziaict4;_TZ3000_ebar6ljy;_TZ3000_hkcpblrs;_TZ3000_osu834un;_TZ3000_oxslv1c9;_TZ3000_qomxlryd;_TZ3000_rgchmad8;_TZ3000_yxqnffam;_TZ3000_zfmxvprs;_TZ3000_zgrffiwg;_TZ3000_kmh5qpmb;_TZ3000_kqvb5akv;_TZ3000_ww6drja5;_TZ3000_ltt60asa;_TZ3000_akqdg6g7;_TZ3000_26fmupbb;_TZ3000_n2egfsli;_TZ3000_4ugnzsli","TS0041;TS0203","locked;measure_battery;alarm_contact;alarm_generic;volume_set","battery"
"doorbell_camera","Doorbell Camera","sensor","_TZ3000_kmh5qpmb;_TZ3000_kqvb5akv;_TZ3000_ww6drja5;_TZ3000_ltt60asa;_TZ3000_akqdg6g7;_TZ3000_26fmupbb;_TZ3000_n2egfsli;_TZ3000_4ugnzsli","TS0211;TS0203","alarm_motion;alarm_contact;measure_battery","battery"
"garage_door_controller","Garage Door Controller","sensor","_TZ3000_kmh5qpmb;_TZ3000_kqvb5akv;_TZ3000_ww6drja5;_TZ3000_ltt60asa;_TZ3000_akqdg6g7;_TZE200_cowvfni3;_TZE200_myd45weu;_TZE200_qoy0ekbd;_TZ3000_26fmupbb;_TZ3000_n2egfsli;_TZ3000_4ugnzsli","TS0601;TS0203","alarm_motion;alarm_contact;measure_battery","battery"
"gas_detector","Gas Detector","sensor","_TZ3000_mwd3c2at;_TZ3000_tk3s5tyg;_TZE200_wfxuhoea;_TZ3000_kqvb5akv;_TZ3000_ww6drja5;_TZ3000_ltt60asa;_TZ3000_akqdg6g7;_TZE200_cowvfni3;_TZE200_myd45weu;_TZE200_qoy0ekbd","TS0601","alarm_motion;alarm_co;alarm_co2;measure_battery","battery"
"gas_sensor","Gas Sensor Ts0601","sensor","_TZ3000_mwd3c2at;_TZ3000_tk3s5tyg;_TZE200_ezqy5pvh;_TZE200_ux5v4tgb;_TZE200_yojqa8xn;_TZ3000_kmh5qpmb;_TZ3000_kqvb5akv;_TZ3000_ww6drja5;_TZ3000_ltt60asa;_TZ3000_akqdg6g7;_TZE200_cowvfni3;_TZE200_myd45weu;_TZE200_qoy0ekbd;_TZ3000_26fmupbb;_TZ3000_n2egfsli;_TZ3000_4ugnzsli","TS0601;TS0203","alarm_co;alarm_co2;measure_battery;alarm_contact","battery"
"gateway_zigbee_bridge","Zbbridge","sensor","_TZ3000_ksw8qtmt;_TZ3000_2xlvlnez;_TZ3000_o1jzcxou;_TZ3000_kqvb5akv;_TZ3000_ww6drja5;_TZ3000_ltt60asa;_TZ3000_akqdg6g7","","alarm_generic","battery"
"gateway_zigbee_hub","Zigbee Gateway Hub","sensor","_TZE200_bjzrowv2;_TZE200_vm1gyrso;_TZE200_cowvfni3;_TZE200_myd45weu;_TZE200_qoy0ekbd","TS0601","alarm_generic","battery"
"humidity_controller","Humidity Controller","sensor","_TZ3000_zl1kmjqx;_TZ3000_yd2e749y;_TZ3000_fllyghyj;_TZE200_locansqn;_TZE200_bjawzodf;_TZE284_aagrxlbd;_TZE200_cowvfni3;_TZE200_myd45weu;_TZE200_qoy0ekbd","TS0201;TS0601","measure_temperature;measure_humidity;measure_battery;windowcoverings_state","battery"
"hvac_air_conditioner","Air Conditioner (Smart)","thermostat","_TZE200_zuhszj9s;_TZE200_husqqvux","","onoff;target_temperature;measure_temperature;thermostat_mode;fan_speed;measure_battery","battery"
"hvac_dehumidifier","Dehumidifier (Smart)","sensor","_TZE200_oisqyl4o","","onoff;target_humidity;measure_humidity;measure_temperature;measure_power;alarm_water;measure_battery","battery"
"led_strip","LED Strip Led Strip","light","_TZ3000_5bsf8vaj;_TZ3000_9cpuaca6;_TZ3000_dl4pxp1r;_TZ3000_gek6snaj;_TZ3000_i8l0nqdu;_TZ3000_kdpxju99;_TZ3000_obacbukl;_TZ3000_odygigth;_TZ3000_qqjaziws;_TZ3000_riwp3k79;_TZ3000_ukuvyhaa;_TZ3000_utagpnzs;_TZ3000_kqvb5akv;_TZ3000_ww6drja5;_TZ3000_ltt60asa;_TZ3000_akqdg6g7","TS0503A;TS0503B;TS0504B;TS0505B","onoff;dim","battery"
"led_strip_advanced","Led Strip Advanced","light","_TZ3000_kdpxju99;_TZ3000_obacbukl;_TZ3000_odygigth;_TZ3000_kqvb5akv;_TZ3000_ww6drja5;_TZ3000_ltt60asa;_TZ3000_akqdg6g7","TS0505B","onoff;dim;light_hue;light_saturation;light_temperature;light_mode","battery"
"led_strip_basic","Led Strip Basic","sensor","_TZ3000_kdpxju99;_TZ3000_obacbukl;_TZ3000_odygigth;_TZE200_bqcqqjpb;_TZ3000_kqvb5akv;_TZ3000_ww6drja5;_TZ3000_ltt60asa;_TZ3000_akqdg6g7","TS0505B","alarm_generic;onoff;dim","battery"
"led_strip_outdoor_rgb","Led Strip Outdoor Color","light","_TZ3000_kdpxju99;_TZ3000_obacbukl;_TZ3000_odygigth;_TZ3000_kmh5qpmb;_TZ3000_kqvb5akv;_TZ3000_ww6drja5;_TZ3000_ltt60asa;_TZ3000_akqdg6g7;_TZ3000_26fmupbb;_TZ3000_n2egfsli;_TZ3000_4ugnzsli","TS0505A;TS0505B;TS0203","onoff;dim;light_hue;light_saturation;light_temperature;light_mode;alarm_contact","battery"
"led_strip_pro","Led Strip Pro","sensor","_TZ3000_kdpxju99;_TZ3000_obacbukl;_TZ3000_odygigth;_TZ3000_kqvb5akv;_TZ3000_ww6drja5;_TZ3000_ltt60asa;_TZ3000_akqdg6g7","TS0505B","alarm_generic;onoff;dim","battery"
"led_strip_rgbw","Led Strip Rgbw","light","_TZ3000_12sxjap4;_TZ3000_hlijwsai;_TZ3000_kdpxju99;_TZ3000_keabpigv;_TZ3000_obacbukl;_TZ3000_odygigth;_TZ3000_qd7hej8u;_TZ3210_r0xgkft5;_TZ3210_sroezl0s;_TZ3000_kqvb5akv;_TZ3000_ww6drja5;_TZ3000_ltt60asa;_TZ3000_akqdg6g7","TS0505A;TS0505B","onoff;light_hue;light_saturation;light_temperature;light_mode;dim","battery"
"light_controller_outdoor","Outdoor Light Controller","sensor","_TZ3000_kmh5qpmb;_TZ3000_kqvb5akv;_TZ3000_ww6drja5;_TZ3000_ltt60asa;_TZ3000_akqdg6g7;_TZ3000_xkap8wtb;_TZ3000_lupfd8zu;_TZ3000_mx3vgyea;_TZ3000_26fmupbb;_TZ3000_n2egfsli;_TZ3000_4ugnzsli","TS0001;TS0011;TS0012;TS0203","alarm_contact;measure_battery","battery"
"lock_smart","Lock Smart","lock","_TZE200_mgstdyz3;_TZE200_cowvfni3;_TZE200_myd45weu;_TZE200_qoy0ekbd","TS0601","locked;lock_mode;measure_battery","battery"
"lock_smart_basic","Lock Basic","sensor","_TZE200_ar0slwnd;_TZE200_cowvfni3;_TZE200_myd45weu;_TZE200_qoy0ekbd","TS0601","alarm_motion;measure_battery","battery"
"lock_smart_fingerprint","Lock Fingerprint","lock","_TZE200_bmzphld8;_TZE200_eaac7dkw;_TZE200_cowvfni3;_TZE200_myd45weu;_TZE200_qoy0ekbd","TS0601","locked;lock_mode;measure_battery","battery"
"module_dimmer_timer","Dimmer Switch Timer Module","light","","TS110E;TS110F","onoff;dim","battery"
"module_mini","Avatto Mini","sensor","_TZ3000_qzjcsmar;_TZ3000_ji4araar;_TZ3000_tqlv4ug4;_TZ3000_h1ipgkwn;_TZ3000_w0qqde0g;_TZ3000_gjnozsaz;_TZ3000_xkap8wtb;_TZ3000_lupfd8zu;_TZ3000_mx3vgyea","TS0001","alarm_generic","battery"
"module_mini_switch","Mini Switch","sensor","_TZ3000_tgddllx4;_TZ3000_vmpbygs5;lumi.ctrl_ln1;_TZ3000_kqvb5akv;_TZ3000_ww6drja5;_TZ3000_ltt60asa;_TZ3000_akqdg6g7;_TZ3000_xkap8wtb;_TZ3000_lupfd8zu;_TZ3000_mx3vgyea;_TZ3000_1obwwnmq;_TZ3000_w0qqde0g;_TZ3000_vzopcetz;_TZ3000_g5xawfcq","TS0001;TS0011;TS011F","alarm_generic;onoff;measure_power;measure_voltage;measure_current","battery"
"motion_sensor","Motion Sensor","sensor","_TZ3000_mmtwjmaq;_TZ3000_kmh5qpmb;_TZE200_3towulqd;_TZ3000_msl6wxk9;_TZ3000_mcxw5ehu;_TZ3040_bb6xaihh;lumi.motion.ac01;lumi.motion.ac02;lumi.motion.agl04;lumi.sensor_motion;_TZ3000_kqvb5akv;_TZ3000_ww6drja5;_TZ3000_ltt60asa;_TZ3000_akqdg6g7;_TZE200_cowvfni3;_TZE200_myd45weu;_TZE200_qoy0ekbd","TS0202;TS0601","alarm_motion;measure_battery","battery"
"motion_sensor_mmwave","Motion Sensor Mmwave Basic","sensor","_TZ3000_kmh5qpmb;_TZ3000_mcxw5ehu;_TZ3000_mmtwjmaq;_TZ3000_msl6wxk9;_TZ3040_bb6xaihh;_TZE200_3towulqd;_TZ3000_kqvb5akv;_TZ3000_ww6drja5;_TZ3000_ltt60asa;_TZ3000_akqdg6g7;_TZE200_cowvfni3;_TZE200_myd45weu;_TZE200_qoy0ekbd","TS0202;TS0601","alarm_motion;measure_battery","battery"
"motion_sensor_multi","Motion Temp Humidity Illumination Multi","sensor","_TZ3000_mmtwjmaq;_TZ3000_kmh5qpmb;_TZ3000_mcxw5ehu;_TZ3000_msl6wxk9;_TZ3040_bb6xaihh;_TZE200_3towulqd;_TZ3000_kqvb5akv;_TZ3000_ww6drja5;_TZ3000_ltt60asa;_TZ3000_akqdg6g7;_TZE200_cowvfni3;_TZE200_myd45weu;_TZE200_qoy0ekbd","TS0202;TS0601","alarm_motion;measure_temperature;measure_humidity;measure_luminance;measure_battery","battery"
"motion_sensor_outdoor","Outdoor Sensor","sensor","_TZ3000_kmh5qpmb;_TZ3000_mcxw5ehu;_TZ3000_mmtwjmaq;_TZ3000_msl6wxk9;_TZ3040_bb6xaihh;_TZE200_3towulqd;_TZ3000_kqvb5akv;_TZ3000_ww6drja5;_TZ3000_ltt60asa;_TZ3000_akqdg6g7;_TZE200_cowvfni3;_TZE200_myd45weu;_TZE200_qoy0ekbd","TS0202;TS0601","alarm_contact;measure_battery;alarm_motion","battery"
"motion_sensor_pir","Motion Sensor","sensor","_TZ3000_akqdg6g7;_TZ3000_bsvqrk3b;_TZ3000_hgu1dlak;_TZ3000_kmh5qpmb;_TZ3000_kqvb5akv;_TZ3000_ltt60asa;_TZ3000_mcxw5ehu;_TZ3000_mmtwjmaq;_TZ3000_msl6wxk9;_TZ3000_ww6drja5;_TZ3040_bb6xaihh;_TZE200_3towulqd;_TYZB01_qeqvmvti;_TYZB01_tv3wxhcz;lumi.motion.agl02;lumi.sensor_motion.aq2;lumi.sensor_motion.aq2b;_TZE200_cowvfni3;_TZE200_myd45weu;_TZE200_qoy0ekbd","SNZB-03;TS0202;TS0601","alarm_motion;measure_battery","battery"
"motion_sensor_pir_advanced","Pir Sensor Advanced","sensor","_TZ3000_kmh5qpmb;_TZ3000_mcxw5ehu;_TZ3000_mmtwjmaq;_TZ3000_msl6wxk9;_TZ3040_bb6xaihh;_TZE200_3towulqd;_TZ3000_kqvb5akv;_TZ3000_ww6drja5;_TZ3000_ltt60asa;_TZ3000_akqdg6g7;_TZE200_cowvfni3;_TZE200_myd45weu;_TZE200_qoy0ekbd","TS0202;TS0601","alarm_motion;measure_battery","battery"
"motion_sensor_pir_radar","Pir Radar Illumination Sensor","sensor","_TZ3000_kmh5qpmb;_TZ3000_mcxw5ehu;_TZ3000_mmtwjmaq;_TZ3000_msl6wxk9;_TZ3040_bb6xaihh;_TZE200_3towulqd;_TZ3000_kqvb5akv;_TZ3000_ww6drja5;_TZ3000_ltt60asa;_TZ3000_akqdg6g7;_TZE200_cowvfni3;_TZE200_myd45weu;_TZE200_qoy0ekbd","TS0202;TS0601","alarm_motion;measure_luminance;measure_battery","battery"
"motion_sensor_radar_advanced","Radar Motion Sensor Advanced","sensor","_TZ3000_kmh5qpmb;_TZ3000_mcxw5ehu;_TZ3000_mmtwjmaq;_TZ3000_msl6wxk9;_TZ3040_bb6xaihh;_TZE200_3towulqd;_TZ3000_kqvb5akv;_TZ3000_ww6drja5;_TZ3000_ltt60asa;_TZ3000_akqdg6g7;_TZE200_cowvfni3;_TZE200_myd45weu;_TZE200_qoy0ekbd","TS0202;TS0601","alarm_motion;measure_battery","battery"
"motion_sensor_radar_mmwave","Radar Motion Sensor Mmwave","sensor","_TZ3000_kmh5qpmb;_TZ3000_mcxw5ehu;_TZ3000_mmtwjmaq;_TZ3000_msl6wxk9;_TZ3040_bb6xaihh;_TZE200_3towulqd;_TZ3000_kqvb5akv;_TZ3000_ww6drja5;_TZ3000_ltt60asa;_TZ3000_akqdg6g7;_TZE204_qasjif9e;_TZE200_cowvfni3;_TZE200_myd45weu;_TZE200_qoy0ekbd","TS0202;TS0601","alarm_motion;measure_battery","battery"
"pir_sensor_3in1","PIR Sensor 3-in-1","sensor","HOBEIAN;_TZE200_3towulqd;_TZE200_ppuj1vem;_TZE200_pay2byax;_TZE200_mrf6vtua;_TZE200_cowvfni3;_TZE200_myd45weu;_TZE200_qoy0ekbd","ZG-204ZV;TS0601","alarm_motion;measure_temperature;measure_humidity;measure_luminance;measure_battery","battery"
"plug_dimmer","Smart Plug Dimmer","socket","_TZ3000_8nkb7mof;_TZ3000_cehuw1lw;_TZ3000_g5xawfcq;_TZ3000_okaz9tjs;_TZ3000_tvuarksa;_TZ3000_typdpbpg;_TZ3000_ww6drja5;_TZ3000_kqvb5akv;_TZ3000_ltt60asa;_TZ3000_akqdg6g7;_TZ3000_1obwwnmq;_TZ3000_w0qqde0g;_TZ3000_vzopcetz","TS011F;TS0121;TS110E;TS110F","onoff;dim;measure_current;measure_voltage;meter_power","battery"
"plug_energy_advanced","Energy Plug Advanced","socket","_TZ3000_8nkb7mof;_TZ3000_cehuw1lw;_TZ3000_g5xawfcq;_TZ3000_okaz9tjs;_TZ3000_tvuarksa;_TZ3000_typdpbpg;_TZ3000_ww6drja5;_TZ3000_kqvb5akv;_TZ3000_ltt60asa;_TZ3000_akqdg6g7;_TZ3000_1obwwnmq;_TZ3000_w0qqde0g;_TZ3000_vzopcetz","TS011F;TS0121","onoff;measure_power;meter_power;measure_voltage;measure_current","battery"
"plug_energy_monitor","Plug Energy Monitor","socket","_TZ3000_ww6drja5;_TZ3000_g5xawfcq;_TZ3000_8nkb7mof;_TZ3000_cehuw1lw;_TZ3000_okaz9tjs;_TZ3000_tvuarksa;_TZ3000_typdpbpg;_TZ3000_kqvb5akv;_TZ3000_ltt60asa;_TZ3000_akqdg6g7;_TZ3000_1obwwnmq;_TZ3000_w0qqde0g;_TZ3000_vzopcetz;_TZ3210_fgwhjm9j","TS011F;TS0121","onoff;measure_power;meter_power;measure_voltage;measure_current","battery"
"plug_energy_monitor_advanced","Energy Monitoring Plug Advanced","socket","_TZ3000_8nkb7mof;_TZ3000_cehuw1lw;_TZ3000_g5xawfcq;_TZ3000_okaz9tjs;_TZ3000_tvuarksa;_TZ3000_typdpbpg;_TZ3000_ww6drja5;_TZ3000_kqvb5akv;_TZ3000_ltt60asa;_TZ3000_akqdg6g7;_TZ3000_1obwwnmq;_TZ3000_w0qqde0g;_TZ3000_vzopcetz","TS011F;TS0121","onoff;measure_power;meter_power;measure_voltage;measure_current","battery"
"plug_energy_smart","Smart Plug Energy","socket","_TZ3000_8nkb7mof;_TZ3000_cehuw1lw;_TZ3000_g5xawfcq;_TZ3000_okaz9tjs;_TZ3000_tvuarksa;_TZ3000_typdpbpg;_TZ3000_ww6drja5;_TZ3000_kqvb5akv;_TZ3000_ltt60asa;_TZ3000_akqdg6g7;_TZ3000_1obwwnmq;_TZ3000_w0qqde0g;_TZ3000_vzopcetz","TS011F;TS0121","onoff;measure_power;meter_power;measure_voltage;measure_current","battery"
"plug_outdoor","Outdoor Plug","socket","_TZ3000_8nkb7mof;_TZ3000_cehuw1lw;_TZ3000_g5xawfcq;_TZ3000_okaz9tjs;_TZ3000_tvuarksa;_TZ3000_typdpbpg;_TZ3000_kmh5qpmb;_TZ3000_kqvb5akv;_TZ3000_ww6drja5;_TZ3000_ltt60asa;_TZ3000_akqdg6g7;_TZ3000_1obwwnmq;_TZ3000_w0qqde0g;_TZ3000_vzopcetz;_TZ3000_26fmupbb;_TZ3000_n2egfsli;_TZ3000_4ugnzsli","TS011F;TS0121;TS0203","onoff;alarm_contact;measure_current;measure_voltage;meter_power","battery"
"plug_outlet","Smart Plug Outlet","socket","_TZ3000_8nkb7mof;_TZ3000_cehuw1lw;_TZ3000_g5xawfcq;_TZ3000_okaz9tjs;_TZ3000_tvuarksa;_TZ3000_typdpbpg;_TZ3000_ww6drja5;_TZ3000_kqvb5akv;_TZ3000_ltt60asa;_TZ3000_akqdg6g7;_TZ3000_1obwwnmq;_TZ3000_w0qqde0g;_TZ3000_vzopcetz","TS0115;TS011F;TS0121","onoff;measure_current;measure_voltage;meter_power","battery"
"plug_power_meter","Power Meter Socket","socket","_TZ3000_8nkb7mof;_TZ3000_cehuw1lw;_TZ3000_g5xawfcq;_TZ3000_okaz9tjs;_TZ3000_tvuarksa;_TZ3000_typdpbpg;_TZ3000_ww6drja5;_TZ3000_kqvb5akv;_TZ3000_ltt60asa;_TZ3000_akqdg6g7;_TZ3000_1obwwnmq;_TZ3000_w0qqde0g;_TZ3000_vzopcetz","TS011F;TS0121","onoff;measure_power;meter_power;measure_voltage;measure_current","battery"
"plug_power_meter_16a","Smart Plug Power Meter 16a","socket","_TZ3000_8nkb7mof;_TZ3000_cehuw1lw;_TZ3000_g5xawfcq;_TZ3000_okaz9tjs;_TZ3000_tvuarksa;_TZ3000_typdpbpg;_TZ3000_ww6drja5;_TZ3000_kqvb5akv;_TZ3000_ltt60asa;_TZ3000_akqdg6g7;_TZ3000_1obwwnmq;_TZ3000_w0qqde0g;_TZ3000_vzopcetz","TS011F;TS0121","onoff;measure_power;meter_power;measure_voltage;measure_current","battery"
"plug_smart","Plug Smart","sensor","_TZ3000_2xlvlnez;_TZ3000_3ooaz3ng;_TZ3000_5f43h46r;_TZ3000_8nkb7mof;_TZ3000_akqdg6g7;_TZ3000_cehuw1lw;_TZ3000_cphmq0q7;_TZ3000_ew3ldmgx;_TZ3000_g5xawfcq;_TZ3000_kdi2o9m6;_TZ3000_kqvb5akv;_TZ3000_ltt60asa;_TZ3000_okaz9tjs;_TZ3000_plyvnuf5;_TZ3000_tvuarksa;_TZ3000_typdpbpg;_TZ3000_ww6drja5;_TZ3000_1obwwnmq;_TZ3000_w0qqde0g;_TZ3000_vzopcetz","S26R2ZB;TS011F;TS0121","alarm_generic;onoff;measure_current;measure_voltage;meter_power","battery"
"plug_smart_advanced","Smart Plug","socket","_TZ3000_8nkb7mof;_TZ3000_cehuw1lw;_TZ3000_g5xawfcq;_TZ3000_okaz9tjs;_TZ3000_tvuarksa;_TZ3000_typdpbpg;_TZ3000_ww6drja5;_TZ3000_kqvb5akv;_TZ3000_ltt60asa;_TZ3000_akqdg6g7;_TZ3000_1obwwnmq;_TZ3000_w0qqde0g;_TZ3000_vzopcetz","TS011F;TS0121","onoff;measure_power;meter_power;measure_voltage;measure_current","battery"
"plug_smart_basic","Plug Basic","socket","_TZ3000_8nkb7mof;_TZ3000_cehuw1lw;_TZ3000_g5xawfcq;_TZ3000_okaz9tjs;_TZ3000_tvuarksa;_TZ3000_typdpbpg;_TZ3000_ww6drja5;_TZ3000_kqvb5akv;_TZ3000_ltt60asa;_TZ3000_akqdg6g7;_TZ3000_1obwwnmq;_TZ3000_w0qqde0g;_TZ3000_vzopcetz","TS011F;TS0121","onoff;measure_power;meter_power;measure_voltage;measure_current","battery"
"presence_sensor_radar","Presence Sensor Radar","sensor","_TZ3000_akqdg6g7;_TZ3000_kqvb5akv;_TZ3000_ltt60asa;_TZ3000_mmtwjmaq;_TZ3000_ww6drja5;_TZE200_0u3bj3rc;_TZE200_ar0slwnd;_TZE200_holel4dk;_TZE200_mx6u6l4y;_TZE200_rhgsbacq;_TZE200_sfiy5tfs;_TZE200_v6ossqfy;_TZE204_clrdrnya;_TZE204_mtoaryre;_TZE204_qasjif9e;_TZE204_sxm7l9xa;_TZE200_cowvfni3;_TZE200_myd45weu;_TZE200_qoy0ekbd;_TZ3000_kmh5qpmb;_TZE200_3towulqd","TS0601;TS0202","alarm_motion;measure_luminance;measure_battery","battery"
"radiator_valve","Radiator Valve","thermostat","_TZE200_5toc8efa;_TZE200_hue3yfsn;_TZE200_cowvfni3;_TZE200_myd45weu;_TZE200_qoy0ekbd","TS0601","target_temperature;measure_temperature;thermostat_mode","battery"
"radiator_valve_smart","Smart Radiator Valve","thermostat","_TZE200_b6wax7g0;_TZE200_9gvruqf5;_TZE284_aao6qtcs;_TZE200_cowvfni3;_TZE200_myd45weu;_TZE200_qoy0ekbd","TS0601","target_temperature;measure_temperature;measure_battery","battery"
"scene_controller_4button","Wireless Scene Controller 4button","button","lumi.curtain;lumi.curtain.aq2;lumi.curtain.hagl04","TS0041","onoff;onoff.button2;onoff.button3;onoff.button4;alarm_generic;windowcoverings_state","battery"
"scene_controller_wireless","Scene Controller (CR2032/CR2450)","sensor","","TS0044;TS004F","onoff;measure_battery;windowcoverings_state","battery"
"shutter_roller_controller","Roller Shutter Controller","sensor","_TZE200_fctwhugx;_TZE200_cowvfni3;_TZ3000_vd43bbfq;_TZE200_zpzndjez;_TZE200_myd45weu;_TZE200_qoy0ekbd","TS130F;TS0601","alarm_generic;windowcoverings_state","battery"
"shutter_roller_switch","Roller Shutter Switch","windowcoverings","lumi.ctrl_ln1;_TZ3000_kqvb5akv;_TZ3000_ww6drja5;_TZ3000_ltt60asa;_TZ3000_akqdg6g7;_TZ3000_xkap8wtb;_TZ3000_lupfd8zu;_TZ3000_mx3vgyea;_TZ3000_fvh3pjaz;_TZ3000_odzoiovu;_TZ3000_zmy4lslw;_TZ3000_ejwkn2h2;_TZ3000_nnwehhst;_TZE200_cowvfni3;_TZE200_myd45weu;_TZE200_qoy0ekbd","TS0001;TS0003;TS0004;TS0011;TS0012;TS0013;TS0014;TS0601;TS130F","windowcoverings_set;onoff","battery"
"siren","Siren Siren","sensor","_TZ3000_26fmupbb;_TZ3000_d0yl2hsy;_TZ3000_d0yu2xgi;_TZ3000_ssp0maqm;_TZ3000_t13n5zo0;_TZ3000_t6jsgizp;_TZE200_t1blo2bj;_TZ3000_kqvb5akv;_TZ3000_ww6drja5;_TZ3000_ltt60asa;_TZ3000_akqdg6g7","TS0219;TS0601_siren","alarm_motion;measure_battery","battery"
"siren_outdoor","Outdoor Siren","sensor","_TZ3000_26fmupbb;_TZ3000_d0yu2xgi;_TZE200_t1blo2bj;_TZ3000_kmh5qpmb;_TZ3000_kqvb5akv;_TZ3000_ww6drja5;_TZ3000_ltt60asa;_TZ3000_akqdg6g7;_TZ3000_n2egfsli;_TZ3000_4ugnzsli","TS0219;TS0601_siren;TS0203","alarm_motion;alarm_contact;measure_battery","battery"
"smoke_detector_advanced","Smart Smoke Detector Advanced","sensor","_TZ3000_mwd3c2at;_TZ3000_tk3s5tyg;_TZE200_dq1mfjug;_TZE200_ntcy3xu1;_TZE200_rccxox8p;_TZE200_t5p1vj8r;_TZE200_uebojraa;_TZE200_vzekyi4c;_TZE200_yh7aoahi;_TZ3000_kqvb5akv;_TZ3000_ww6drja5;_TZ3000_ltt60asa;_TZ3000_akqdg6g7","TS0205","alarm_smoke;alarm_fire;measure_battery","battery"
"smoke_detector_climate","Smoke Temp Humid Sensor","sensor","_TZ3000_mwd3c2at;_TZ3000_tk3s5tyg;_TZ3000_kqvb5akv;_TZ3000_ww6drja5;_TZ3000_ltt60asa;_TZ3000_akqdg6g7;_TZE200_cowvfni3;_TZE200_myd45weu;_TZE200_qoy0ekbd","TS0201;TS0205;TS0601","alarm_motion;measure_temperature;measure_humidity;alarm_smoke;alarm_fire;measure_battery","battery"
"smoke_detector_temp_humidity","Smoke Detector Temp Humidity Advanced","sensor","_TZ3000_mwd3c2at;_TZ3000_tk3s5tyg;_TZ3000_kqvb5akv;_TZ3000_ww6drja5;_TZ3000_ltt60asa;_TZ3000_akqdg6g7","TS0205","measure_temperature;measure_humidity;alarm_smoke;alarm_fire;measure_battery","battery"
"solar_panel_controller","Solar Panel Controller","sensor","_TZE200_lsanae15;_TZE284_sgabhwa6;_TZE200_cowvfni3;_TZE200_myd45weu;_TZE200_qoy0ekbd","TS0601","alarm_generic;windowcoverings_state","battery"
"sound_controller","Sound Controller ()","button","_TZE200_9yapgbuv;_TZE284_rccgwzz8;_TZE200_cowvfni3;_TZE200_myd45weu;_TZE200_qoy0ekbd","TS0601","measure_battery;windowcoverings_state","battery"
"spot_light_smart","Smart Spot","light","","TS0501A","onoff;dim;light_hue;light_saturation;light_temperature;light_mode","battery"
"switch_1gang","1-Gang Smart Switch","socket","lumi.ctrl_ln1;_TZ3000_kqvb5akv;_TZ3000_ww6drja5;_TZ3000_ltt60asa;_TZ3000_akqdg6g7;_TZ3000_xkap8wtb;_TZ3000_lupfd8zu;_TZ3000_mx3vgyea;_TZ3000_fvh3pjaz;_TZ3000_odzoiovu;_TZ3000_zmy4lslw;_TZ3000_ejwkn2h2;_TZ3000_nnwehhst","TS0001;TS0003;TS0004;TS0011;TS0012;TS0013;TS0014","onoff;dim;measure_battery","battery"
"switch_2gang","2-Gang Smart Switch","socket","lumi.ctrl_ln1;_TZ3000_kqvb5akv;_TZ3000_ww6drja5;_TZ3000_ltt60asa;_TZ3000_akqdg6g7;_TZ3000_h1ipgkwn;_TZ3000_xkap8wtb;_TZ3000_lupfd8zu;_TZ3000_mx3vgyea;_TZ3000_4fjiwweb;_TZ3000_ji4araar;_TZ3000_qmi1cfuq;_TZ3000_18ejxno0;_TZ3000_fvh3pjaz;_TZ3000_odzoiovu;_TZ3000_zmy4lslw;_TZ3000_ejwkn2h2;_TZ3000_nnwehhst","TS0001;TS0002;TS0003;TS0004;TS0011;TS0012;TS0013;TS0014","onoff;onoff.gang2;measure_battery;measure_power;measure_voltage;measure_current","battery"
"switch_2gang_alt","2-Gang Switch","socket","lumi.ctrl_ln1;_TZ3000_kqvb5akv;_TZ3000_ww6drja5;_TZ3000_ltt60asa;_TZ3000_akqdg6g7;_TZ3000_xkap8wtb;_TZ3000_lupfd8zu;_TZ3000_mx3vgyea;_TZ3000_4fjiwweb;_TZ3000_ji4araar;_TZ3000_qmi1cfuq;_TZ3000_18ejxno0;_TZ3000_fvh3pjaz;_TZ3000_odzoiovu;_TZ3000_zmy4lslw;_TZ3000_ejwkn2h2;_TZ3000_nnwehhst","TS0001;TS0002;TS0003;TS0004;TS0011;TS0012;TS0013;TS0014","onoff;onoff.gang2;measure_battery","battery"
"switch_3gang","3-Gang Smart Switch","socket","lumi.ctrl_ln1;_TZ3000_kqvb5akv;_TZ3000_ww6drja5;_TZ3000_ltt60asa;_TZ3000_akqdg6g7;_TZ3000_xkap8wtb;_TZ3000_lupfd8zu;_TZ3000_mx3vgyea;_TZ3000_fvh3pjaz;_TZ3000_odzoiovu;_TZ3000_zmy4lslw;_TZ3000_ejwkn2h2;_TZ3000_nnwehhst","TS0001;TS0003;TS0004;TS0011;TS0012;TS0013;TS0014","onoff;onoff.gang2;onoff.gang3;measure_battery","battery"
"switch_4gang","4-Gang Smart Switch","socket","_TZ3000_mdj7kra9;lumi.ctrl_ln1;_TZ3000_kqvb5akv;_TZ3000_ww6drja5;_TZ3000_ltt60asa;_TZ3000_akqdg6g7;_TZ3000_xkap8wtb;_TZ3000_lupfd8zu;_TZ3000_mx3vgyea","TS0001;TS0011","onoff;onoff.button2;onoff.button3;onoff.button4;button.2;button.3;button.4;dim;measure_battery","battery"
"switch_basic_1gang","Switch 1gang","socket","_TZ3000_4fjiwweb;_TZ3000_4js9lo5d;_TZ3000_fisb3ajo;_TZ3000_ji4araar;_TZ3000_kdi2o9m6;_TZ3000_lupfd8zu;_TZ3000_lvhy15ix;_TZ3000_o005nuxx;_TZ3000_odzoiovu;_TZ3000_qzjcsmar;_TZ3000_rk2yzt0u;_TZ3000_skueekg3;_TZ3000_vjhcenzw;_TZ3000_yw8z2axp;_TZ3000_zmy1waw6;lumi.ctrl_ln1;_TZ3000_kqvb5akv;_TZ3000_ww6drja5;_TZ3000_ltt60asa;_TZ3000_akqdg6g7;_TZ3000_xkap8wtb;_TZ3000_mx3vgyea;_TZ3000_fvh3pjaz;_TZ3000_zmy4lslw;_TZ3000_ejwkn2h2;_TZ3000_nnwehhst","TS0001;TS0003;TS0004;TS0005;TS0006;TS0011","onoff;dim","battery"
"switch_basic_2gang","Switch 2gang","socket","_TZ3000_4fjiwweb;_TZ3000_ji4araar;_TZ3000_kpatq5pq;_TZ3000_npzfykbs;_TZ3000_o005nuxx;_TZ3000_qzjcsmar;_TZ3000_yw8z2axp;_TZ3000_zmy1waw6;lumi.ctrl_ln1;_TZ3000_xkap8wtb;_TZ3000_lupfd8zu;_TZ3000_mx3vgyea","TS0001;TS0011","onoff;onoff.gang2","ac"
"switch_basic_5gang","Switch 5gang","socket","_TZ3000_4fjiwweb;_TZ3000_ji4araar;_TZ3000_o005nuxx;_TZ3000_qzjcsmar;_TZ3000_yw8z2axp;_TZ3000_zmy1waw6;lumi.ctrl_ln1;_TZ3000_kqvb5akv;_TZ3000_ww6drja5;_TZ3000_ltt60asa;_TZ3000_akqdg6g7;_TZ3000_xkap8wtb;_TZ3000_lupfd8zu;_TZ3000_mx3vgyea;_TZ3000_fvh3pjaz;_TZ3000_odzoiovu;_TZ3000_zmy4lslw;_TZ3000_ejwkn2h2;_TZ3000_nnwehhst","TS0001;TS0003;TS0004;TS0005;TS0006;TS0011","onoff;dim","battery"
"switch_generic_1gang","Smart Switch 1gang","socket","_TZ3000_4fjiwweb;_TZ3000_ji4araar;_TZ3000_mgusv51k;_TZ3000_o005nuxx;_TZ3000_qzjcsmar;_TZ3000_yw8z2axp;_TZ3000_zmy1waw6;lumi.ctrl_ln1;_TZ3000_kqvb5akv;_TZ3000_ww6drja5;_TZ3000_ltt60asa;_TZ3000_akqdg6g7;_TZ3000_xkap8wtb;_TZ3000_lupfd8zu;_TZ3000_mx3vgyea;_TZ3000_fvh3pjaz;_TZ3000_odzoiovu;_TZ3000_zmy4lslw;_TZ3000_ejwkn2h2;_TZ3000_nnwehhst","TS0001;TS0003;TS0004;TS0005;TS0006;TS0011","onoff;dim","battery"
"switch_internal_1gang","Roller Shutter Switch Advanced (INTERNAL)","sensor","lumi.ctrl_ln1;_TZ3000_kqvb5akv;_TZ3000_ww6drja5;_TZ3000_ltt60asa;_TZ3000_akqdg6g7;_TZ3000_xkap8wtb;_TZ3000_lupfd8zu;_TZ3000_mx3vgyea;_TZ3000_fvh3pjaz;_TZ3000_odzoiovu;_TZ3000_zmy4lslw;_TZ3000_ejwkn2h2;_TZ3000_nnwehhst","TS0001;TS0003;TS0004;TS0011;TS0012;TS0013;TS0014","windowcoverings_state;windowcoverings_set;button.up;button.down;button.stop;measure_power;onoff;dim;windowcoverings_tilt_set;measure_battery","battery"
"switch_remote","Remote Switch","button","lumi.ctrl_ln1;_TZ3000_kqvb5akv;_TZ3000_ww6drja5;_TZ3000_ltt60asa;_TZ3000_akqdg6g7;_TZ3000_xkap8wtb;_TZ3000_lupfd8zu;_TZ3000_mx3vgyea;_TZ3000_4fjiwweb;_TZ3000_ji4araar;_TZ3000_qmi1cfuq;_TZ3000_18ejxno0;_TZ3000_fvh3pjaz;_TZ3000_odzoiovu;_TZ3000_zmy4lslw;_TZ3000_ejwkn2h2;_TZ3000_nnwehhst","TS0001;TS0002;TS0003;TS0004;TS0011;TS0012;TS0013;TS0014;TS0041","alarm_generic;onoff","battery"
"switch_smart_1gang","Smart Switch 1gang","socket","_TZ3000_4fjiwweb;_TZ3000_ji4araar;_TZ3000_o005nuxx;_TZ3000_qzjcsmar;_TZ3000_yw8z2axp;_TZ3000_zmy1waw6;lumi.ctrl_ln1;_TZ3000_kqvb5akv;_TZ3000_ww6drja5;_TZ3000_ltt60asa;_TZ3000_akqdg6g7;_TZ3000_xkap8wtb;_TZ3000_lupfd8zu;_TZ3000_mx3vgyea;_TZ3000_fvh3pjaz;_TZ3000_odzoiovu;_TZ3000_zmy4lslw;_TZ3000_ejwkn2h2;_TZ3000_nnwehhst","TS0001;TS0003;TS0004;TS0005;TS0006;TS0011","onoff;dim","battery"
"switch_touch_1gang","1-Gang Touch Switch","socket","_TZ3000_4fjiwweb;_TZ3000_ji4araar;_TZ3000_o005nuxx;_TZ3000_qzjcsmar;_TZ3000_yw8z2axp;_TZ3000_zmy1waw6;lumi.ctrl_ln1;_TZ3000_kqvb5akv;_TZ3000_ww6drja5;_TZ3000_ltt60asa;_TZ3000_akqdg6g7;_TZ3000_xkap8wtb;_TZ3000_lupfd8zu;_TZ3000_mx3vgyea;_TZ3000_fvh3pjaz;_TZ3000_odzoiovu;_TZ3000_zmy4lslw;_TZ3000_ejwkn2h2;_TZ3000_nnwehhst","TS0001;TS0003;TS0004;TS0005;TS0006;TS0011","onoff","battery"
"switch_touch_1gang_basic","Touch Switch 1gang","socket","_TZ3000_4fjiwweb;_TZ3000_ji4araar;_TZ3000_o005nuxx;_TZ3000_qzjcsmar;_TZ3000_yw8z2axp;_TZ3000_zmy1waw6;lumi.ctrl_ln1;_TZ3000_kqvb5akv;_TZ3000_ww6drja5;_TZ3000_ltt60asa;_TZ3000_akqdg6g7;_TZ3000_xkap8wtb;_TZ3000_lupfd8zu;_TZ3000_mx3vgyea;_TZ3000_fvh3pjaz;_TZ3000_odzoiovu;_TZ3000_zmy4lslw;_TZ3000_ejwkn2h2;_TZ3000_nnwehhst","TS0001;TS0003;TS0004;TS0005;TS0006;TS0011","onoff;dim","battery"
"switch_touch_3gang","3-Gang Touch Switch","socket","_TZ3000_4fjiwweb;_TZ3000_ji4araar;_TZ3000_o005nuxx;_TZ3000_qzjcsmar;_TZ3000_yw8z2axp;_TZ3000_zmy1waw6;lumi.ctrl_ln1;_TZ3000_kqvb5akv;_TZ3000_ww6drja5;_TZ3000_ltt60asa;_TZ3000_akqdg6g7;_TZ3000_xkap8wtb;_TZ3000_lupfd8zu;_TZ3000_mx3vgyea;_TZ3000_fvh3pjaz;_TZ3000_odzoiovu;_TZ3000_zmy4lslw;_TZ3000_ejwkn2h2;_TZ3000_nnwehhst","TS0001;TS0003;TS0004;TS0005;TS0006;TS0011","onoff;onoff.switch_2;onoff.switch_3","battery"
"switch_touch_3gang_basic","Touch Switch 3gang","socket","_TZ3000_4fjiwweb;_TZ3000_ji4araar;_TZ3000_o005nuxx;_TZ3000_qzjcsmar;_TZ3000_yw8z2axp;_TZ3000_zmy1waw6;lumi.ctrl_ln1;_TZ3000_kqvb5akv;_TZ3000_ww6drja5;_TZ3000_ltt60asa;_TZ3000_akqdg6g7;_TZ3000_xkap8wtb;_TZ3000_lupfd8zu;_TZ3000_mx3vgyea;_TZ3000_fvh3pjaz;_TZ3000_odzoiovu;_TZ3000_zmy4lslw;_TZ3000_ejwkn2h2;_TZ3000_nnwehhst","TS0001;TS0003;TS0004;TS0005;TS0006;TS0011","onoff;onoff.button2;onoff.button3","battery"
"switch_wall_1gang","1-Gang Wall Switch","socket","_TZ3000_4fjiwweb;_TZ3000_5ucujjts;_TZ3000_akqdg6g7;_TZ3000_ji4araar;_TZ3000_kqvb5akv;_TZ3000_lupfd8zu;_TZ3000_ltt60asa;_TZ3000_mx3vgyea;_TZ3000_npzfdzhq;_TZ3000_o005nuxx;_TZ3000_o4cjetlm;_TZ3000_qzjcsmar;_TZ3000_tgddllx4;_TZ3000_uxuxkcvd;_TZ3000_w0qqde0g;_TZ3000_ww6drja5;_TZ3000_yujkchbz;_TZ3000_yw8z2axp;_TZ3000_zmy1waw6;lumi.ctrl_ln1;_TZ3000_xkap8wtb;_TZ3000_fvh3pjaz;_TZ3000_odzoiovu;_TZ3000_zmy4lslw;_TZ3000_ejwkn2h2;_TZ3000_nnwehhst","TS0001;TS0003;TS0004;TS0005;TS0006;TS0011","onoff;measure_battery","battery"
"switch_wall_1gang_basic","Wall Switch 1gang","socket","_TZ3000_4fjiwweb;_TZ3000_ji4araar;_TZ3000_o005nuxx;_TZ3000_qzjcsmar;_TZ3000_yw8z2axp;_TZ3000_zmy1waw6;lumi.ctrl_ln1;_TZ3000_kqvb5akv;_TZ3000_ww6drja5;_TZ3000_ltt60asa;_TZ3000_akqdg6g7;_TZ3000_xkap8wtb;_TZ3000_lupfd8zu;_TZ3000_mx3vgyea;_TZ3000_fvh3pjaz;_TZ3000_odzoiovu;_TZ3000_zmy4lslw;_TZ3000_ejwkn2h2;_TZ3000_nnwehhst","TS0001;TS0003;TS0004;TS0005;TS0006;TS0011","onoff;dim","battery"
"switch_wall_2gang","2-Gang Wall Switch","socket","_TZ3000_18ejxno0;_TZ3000_4fjiwweb;_TZ3000_4zf0crgo;_TZ3000_akqdg6g7;_TZ3000_h1ipgkwn;_TZ3000_ji4araar;_TZ3000_kqvb5akv;_TZ3000_l9brjwau;_TZ3000_ltt60asa;_TZ3000_lwlhprgx;_TZ3000_neo2aqj4;_TZ3000_nPGIPl5D;_TZ3000_o005nuxx;_TZ3000_qzjcsmar;_TZ3000_ruxexjfz;_TZ3000_ww6drja5;_TZ3000_yw8z2axp;_TZ3000_zmlunnhy;_TZ3000_zmy1waw6;lumi.ctrl_ln1;lumi.ctrl_ln2;_TZ3000_xkap8wtb;_TZ3000_lupfd8zu;_TZ3000_mx3vgyea;_TZ3000_qmi1cfuq;_TZ3000_fvh3pjaz;_TZ3000_odzoiovu;_TZ3000_zmy4lslw;_TZ3000_ejwkn2h2;_TZ3000_nnwehhst","TS0001;TS0002;TS0003;TS0004;TS0005;TS0006;TS0011;TS0012","onoff;onoff.gang2;measure_battery;measure_power;measure_voltage;measure_current","battery"
"switch_wall_2gang_bseed","Wall Switch 2 Gang (BSEED)","socket","_TZ3000_l9brjwau","TS0002","onoff;onoff.gang2","battery"
"switch_wall_3gang","3-Gang Wall Switch","socket","_TZ3000_18ejxno0;_TZ3000_4fjiwweb;_TZ3000_4xfqlgqo;_TZ3000_akqdg6g7;_TZ3000_excgg5kb;_TZ3000_ji4araar;_TZ3000_kqvb5akv;_TZ3000_ltt60asa;_TZ3000_mlswgkc3;_TZ3000_o005nuxx;_TZ3000_odygigth;_TZ3000_qzjcsmar;_TZ3000_ww6drja5;_TZ3000_yw8z2axp;_TZ3000_zmy1waw6;lumi.ctrl_ln1;_TZ3000_xkap8wtb;_TZ3000_lupfd8zu;_TZ3000_mx3vgyea;_TZ3000_fvh3pjaz;_TZ3000_odzoiovu;_TZ3000_zmy4lslw;_TZ3000_ejwkn2h2;_TZ3000_nnwehhst","TS0001;TS0003;TS0004;TS0005;TS0006;TS0011;TS0013","onoff;onoff.switch_2;onoff.switch_3;measure_battery","battery"
"switch_wall_3gang_basic","Wall Switch 3gang","socket","_TZ3000_4fjiwweb;_TZ3000_ji4araar;_TZ3000_o005nuxx;_TZ3000_qzjcsmar;_TZ3000_yw8z2axp;_TZ3000_zmy1waw6;lumi.ctrl_ln1;_TZ3000_kqvb5akv;_TZ3000_ww6drja5;_TZ3000_ltt60asa;_TZ3000_akqdg6g7;_TZ3000_xkap8wtb;_TZ3000_lupfd8zu;_TZ3000_mx3vgyea;_TZ3000_fvh3pjaz;_TZ3000_odzoiovu;_TZ3000_zmy4lslw;_TZ3000_ejwkn2h2;_TZ3000_nnwehhst","TS0001;TS0003;TS0004;TS0005;TS0006;TS0011;TS0013","onoff;onoff.button2;onoff.button3","battery"
"switch_wall_4gang","4-Gang Wall Switch","socket","_TZ3000_1obwwnmq;_TZ3000_4fjiwweb;_TZ3000_akqdg6g7;_TZ3000_excgg5kb;_TZ3000_ji4araar;_TZ3000_kqvb5akv;_TZ3000_ltt60asa;_TZ3000_o005nuxx;_TZ3000_qzjcsmar;_TZ3000_tygpud44;_TZ3000_vzopcetz;_TZ3000_ww6drja5;_TZ3000_yw8z2axp;_TZ3000_zmy1waw6;lumi.ctrl_ln1;_TZ3000_xkap8wtb;_TZ3000_lupfd8zu;_TZ3000_mx3vgyea;_TZ3000_fvh3pjaz;_TZ3000_odzoiovu;_TZ3000_zmy4lslw;_TZ3000_ejwkn2h2;_TZ3000_nnwehhst","TS0001;TS0003;TS0004;TS0005;TS0006;TS0011;TS0014","onoff;onoff.switch_2;onoff.switch_3;onoff.switch_4;measure_battery","battery"
"switch_wall_4gang_basic","Wall Switch 4gang","socket","_TZ3000_4fjiwweb;_TZ3000_ji4araar;_TZ3000_o005nuxx;_TZ3000_qzjcsmar;_TZ3000_yw8z2axp;_TZ3000_zmy1waw6;lumi.ctrl_ln1;_TZ3000_kqvb5akv;_TZ3000_ww6drja5;_TZ3000_ltt60asa;_TZ3000_akqdg6g7;_TZ3000_xkap8wtb;_TZ3000_lupfd8zu;_TZ3000_mx3vgyea;_TZ3000_fvh3pjaz;_TZ3000_odzoiovu;_TZ3000_zmy4lslw;_TZ3000_ejwkn2h2;_TZ3000_nnwehhst","TS0001;TS0003;TS0004;TS0005;TS0006;TS0011;TS0014","onoff;onoff.button2;onoff.button3;onoff.button4;dim","battery"
"switch_wall_4gang_smart","Smart Switch 4gang","socket","_TZ3000_4fjiwweb;_TZ3000_ji4araar;_TZ3000_o005nuxx;_TZ3000_qzjcsmar;_TZ3000_yw8z2axp;_TZ3000_zmy1waw6;lumi.ctrl_ln1;_TZ3000_kqvb5akv;_TZ3000_ww6drja5;_TZ3000_ltt60asa;_TZ3000_akqdg6g7;_TZ3000_xkap8wtb;_TZ3000_lupfd8zu;_TZ3000_mx3vgyea;_TZ3000_fvh3pjaz;_TZ3000_odzoiovu;_TZ3000_zmy4lslw;_TZ3000_ejwkn2h2;_TZ3000_nnwehhst","TS0001;TS0003;TS0004;TS0005;TS0006;TS0011;TS0014","onoff;onoff.button2;onoff.button3;onoff.button4;dim","battery"
"switch_wall_5gang","Wall Switch 5gang","socket","_TZ3000_4fjiwweb;_TZ3000_ji4araar;_TZ3000_o005nuxx;_TZ3000_qzjcsmar;_TZ3000_yw8z2axp;_TZ3000_zmy1waw6;lumi.ctrl_ln1;_TZ3000_kqvb5akv;_TZ3000_ww6drja5;_TZ3000_ltt60asa;_TZ3000_akqdg6g7;_TZ3000_xkap8wtb;_TZ3000_lupfd8zu;_TZ3000_mx3vgyea;_TZ3000_fvh3pjaz;_TZ3000_odzoiovu;_TZ3000_zmy4lslw;_TZ3000_ejwkn2h2;_TZ3000_nnwehhst","TS0001;TS0003;TS0004;TS0005;TS0006;TS0011;TS0015","onoff;dim","battery"
"switch_wall_6gang","6-Gang Wall Switch","socket","_TZ3000_4fjiwweb;_TZ3000_ji4araar;_TZ3000_o005nuxx;_TZ3000_qzjcsmar;_TZ3000_yw8z2axp;_TZ3000_zmy1waw6;lumi.ctrl_ln1;_TZ3000_kqvb5akv;_TZ3000_ww6drja5;_TZ3000_ltt60asa;_TZ3000_akqdg6g7;_TZ3000_xkap8wtb;_TZ3000_lupfd8zu;_TZ3000_mx3vgyea;_TZ3000_fvh3pjaz;_TZ3000_odzoiovu;_TZ3000_zmy4lslw;_TZ3000_ejwkn2h2;_TZ3000_nnwehhst","TS0001;TS0003;TS0004;TS0005;TS0006;TS0011;TS0016","onoff;onoff.switch_2;onoff.switch_3;onoff.switch_4;onoff.switch_5;onoff.switch_6","battery"
"switch_wall_6gang_basic","Wall Switch 6gang","socket","_TZ3000_4fjiwweb;_TZ3000_ji4araar;_TZ3000_o005nuxx;_TZ3000_qzjcsmar;_TZ3000_yw8z2axp;_TZ3000_zmy1waw6;lumi.ctrl_ln1;_TZ3000_kqvb5akv;_TZ3000_ww6drja5;_TZ3000_ltt60asa;_TZ3000_akqdg6g7;_TZ3000_xkap8wtb;_TZ3000_lupfd8zu;_TZ3000_mx3vgyea;_TZ3000_fvh3pjaz;_TZ3000_odzoiovu;_TZ3000_zmy4lslw;_TZ3000_ejwkn2h2;_TZ3000_nnwehhst","TS0001;TS0003;TS0004;TS0005;TS0006;TS0011;TS0016","onoff;onoff.button2;onoff.button3;onoff.button4;onoff.button5;onoff.button6;dim","battery"
"switch_wall_6gang_smart","Smart Switch 6gang","socket","_TZ3000_4fjiwweb;_TZ3000_ji4araar;_TZ3000_o005nuxx;_TZ3000_qzjcsmar;_TZ3000_yw8z2axp;_TZ3000_zmy1waw6;lumi.ctrl_ln1;_TZ3000_kqvb5akv;_TZ3000_ww6drja5;_TZ3000_ltt60asa;_TZ3000_akqdg6g7;_TZ3000_xkap8wtb;_TZ3000_lupfd8zu;_TZ3000_mx3vgyea;_TZ3000_fvh3pjaz;_TZ3000_odzoiovu;_TZ3000_zmy4lslw;_TZ3000_ejwkn2h2;_TZ3000_nnwehhst","TS0001;TS0003;TS0004;TS0005;TS0006;TS0011;TS0016","onoff;onoff.button2;onoff.button3;onoff.button4;onoff.button5;onoff.button6;dim","battery"
"switch_wall_8gang_smart","Smart Switch 8gang","socket","_TZ3000_4fjiwweb;_TZ3000_ji4araar;_TZ3000_o005nuxx;_TZ3000_qzjcsmar;_TZ3000_yw8z2axp;_TZ3000_zmy1waw6;lumi.ctrl_ln1;_TZ3000_kqvb5akv;_TZ3000_ww6drja5;_TZ3000_ltt60asa;_TZ3000_akqdg6g7;_TZ3000_xkap8wtb;_TZ3000_lupfd8zu;_TZ3000_mx3vgyea;_TZ3000_fvh3pjaz;_TZ3000_odzoiovu;_TZ3000_zmy4lslw;_TZ3000_ejwkn2h2;_TZ3000_nnwehhst","TS0001;TS0003;TS0004;TS0005;TS0006;TS0011","onoff;onoff.button2;onoff.button3;onoff.button4;onoff.button5;onoff.button6;onoff.button7;onoff.button8;dim","battery"
"switch_wireless","Wireless Switch","button","lumi.ctrl_ln1;_TZ3000_kqvb5akv;_TZ3000_ww6drja5;_TZ3000_ltt60asa;_TZ3000_akqdg6g7;_TZ3000_xkap8wtb;_TZ3000_lupfd8zu;_TZ3000_mx3vgyea","SNZB-01;TS0001;TS0011","alarm_generic;onoff","battery"
"switch_wireless_1gang","Wireless Switch 1gang","socket","_TZ3000_5bpeda8u;_TZ3000_a7ouggvs;_TZ3000_bi6lpsew;_TZ3000_fvh3pjaz;_TZ3000_s0i14ubi;_TZ3000_vp6clf9d;_TZ3000_xabckq1v;_TZ3000_xrqsdxq6;_TZ3000_yj6k7vfo;lumi.ctrl_ln1;_TZ3000_kqvb5akv;_TZ3000_ww6drja5;_TZ3000_ltt60asa;_TZ3000_akqdg6g7;_TZ3000_xkap8wtb;_TZ3000_lupfd8zu;_TZ3000_mx3vgyea","TS0001;TS0011;TS0041;TS0042;TS0043;TS0044","onoff;dim","battery"
"switch_wireless_4button_alt","4-Button Remote STYRBAR (OTHER)","button","_TZ3000_a7ouggvs;_TZ3000_adkvzooy;_TZ3000_bi6lpsew;_TZ3000_fvh3pjaz;_TZ3000_vp6clf9d;_TZ3000_xabckq1v;lumi.ctrl_ln1;_TZ3000_kqvb5akv;_TZ3000_ww6drja5;_TZ3000_ltt60asa;_TZ3000_akqdg6g7;_TZ3000_xkap8wtb;_TZ3000_lupfd8zu;_TZ3000_mx3vgyea","STYRBAR;TS0001;TS0011;TS0041;TS0042;TS0043;TS0044","onoff;onoff.button2;onoff.button3;onoff.button4;measure_battery","battery"
"switch_wireless_5button","Wireless Switch 5button","socket","_TZ3000_a7ouggvs;_TZ3000_adkvzooy;_TZ3000_bi6lpsew;_TZ3000_fvh3pjaz;_TZ3000_vp6clf9d;_TZ3000_xabckq1v;lumi.ctrl_ln1;_TZ3000_kqvb5akv;_TZ3000_ww6drja5;_TZ3000_ltt60asa;_TZ3000_akqdg6g7;_TZ3000_xkap8wtb;_TZ3000_lupfd8zu;_TZ3000_mx3vgyea","TS0001;TS0011;TS0041;TS0042;TS0043;TS0044","onoff;dim","battery"
"temperature_sensor","Temperature Sensor","sensor","_TZ3000_ywagc4rj;_TZ3000_zl1kmjqx;_TZE200_a8sdabtg;_TZ3000_kmh5qpmb;_TZ3000_kqvb5akv;_TZ3000_ww6drja5;_TZ3000_ltt60asa;_TZ3000_akqdg6g7;_TZE200_cowvfni3;_TZE200_myd45weu;_TZE200_qoy0ekbd;_TZ3000_26fmupbb;_TZ3000_n2egfsli;_TZ3000_4ugnzsli","TS0201;TS0601;TS0203","alarm_motion;measure_temperature;measure_battery;alarm_contact;alarm_temperature","battery"
"temperature_sensor_advanced","Temperature Sensor Advanced","sensor","_TZ3000_ywagc4rj;_TZ3000_zl1kmjqx;_TZE200_a8sdabtg;_TZ3000_kmh5qpmb;_TZ3000_kqvb5akv;_TZ3000_ww6drja5;_TZ3000_ltt60asa;_TZ3000_akqdg6g7;_TZE200_cowvfni3;_TZE200_myd45weu;_TZE200_qoy0ekbd;_TZ3000_26fmupbb;_TZ3000_n2egfsli;_TZ3000_4ugnzsli","TS0201;TS0601;TS0203","alarm_motion;measure_temperature;measure_battery;alarm_contact;alarm_temperature","battery"
"thermostat_advanced","Smart Thermostat (INTERNAL)","thermostat","_TZE200_0dvm9mva;_TZE200_a4bpgplm;_TZE200_aoclfnxz;_TZE200_ztvwu4nk;_TZE200_cowvfni3;_TZE200_myd45weu;_TZE200_qoy0ekbd","TS0601","target_temperature;measure_temperature;thermostat_mode;measure_battery","battery"
"thermostat_smart","Thermostat Basic (CR2032/AAA)","thermostat","_TZE200_cwbvmsar;_TZE200_locansqn;_TZE284_aagrxlbd;_TZE200_cowvfni3;_TZE200_myd45weu;_TZE200_qoy0ekbd","TS0601","target_temperature;measure_temperature;thermostat_mode;measure_battery","battery"
"thermostat_temperature_control","Temperature Controller (CR2032/AAA)","sensor","_TZ3000_zl1kmjqx;_TZ3000_yd2e749y;_TZ3000_fllyghyj;_TZE200_cwbvmsar;_TZE200_locansqn;_TZE284_aagrxlbd;_TZE200_cowvfni3;_TZE200_myd45weu;_TZE200_qoy0ekbd","TS0201;TS0601","target_temperature;measure_temperature;measure_humidity;measure_battery;alarm_generic;alarm_temperature","battery"
"usb_outlet_1gang","USB Outlet - 1 Gang","socket","_TZ3000_ww6drja5;_TZ3000_kqvb5akv;_TZ3000_ltt60asa;_TZ3000_akqdg6g7;_TZ3000_1obwwnmq;_TZ3000_w0qqde0g;_TZ3000_vzopcetz;_TZ3000_g5xawfcq","TS0115;TS011F;TS0121","onoff;measure_power;meter_power;measure_voltage;measure_current","ac"
"usb_outlet_2port","USB Outlet - 2 Ports","socket","_TZ3000_1obwwnmq;_TZ3000_w0qqde0g;_TZ3000_gjnozsaz;_TZ3000_8gs8h2e4;_TZ3000_vzopcetz;_TZ3000_g5xawfcq;_TZ3000_h1ipgkwn","TS011F","onoff;onoff.usb2;measure_power;meter_power;measure_voltage;measure_current;led_mode","ac"
"usb_outlet_3gang","USB Outlet - 3 Gang","socket","_TZ3000_rdtixbnu;_TZ3000_typdpbpg;_TZ3000_typdpdpg;_TZ3000_vtscrpmw;_TZ3000_zloso4jk;_TZ3000_ww6drja5;_TZ3000_kqvb5akv;_TZ3000_ltt60asa;_TZ3000_akqdg6g7;_TZ3000_1obwwnmq;_TZ3000_w0qqde0g;_TZ3000_vzopcetz;_TZ3000_g5xawfcq","TS0115;TS011F;TS0121","onoff;onoff.usb2;onoff.usb3;measure_power;meter_power;measure_battery","battery"
"usb_outlet_advanced","Usb Outlet Advanced","socket","_TZ3000_ww6drja5;_TZ3000_kqvb5akv;_TZ3000_ltt60asa;_TZ3000_akqdg6g7;_TZ3000_1obwwnmq;_TZ3000_w0qqde0g;_TZ3000_vzopcetz;_TZ3000_g5xawfcq","TS0115;TS011F;TS0121","onoff;measure_power;meter_power;measure_voltage;measure_current","battery"
"usb_outlet_basic","Usb Outlet","socket","_TZ3000_ww6drja5;_TZ3000_kqvb5akv;_TZ3000_ltt60asa;_TZ3000_akqdg6g7;_TZ3000_1obwwnmq;_TZ3000_w0qqde0g;_TZ3000_vzopcetz;_TZ3000_g5xawfcq","TS0115;TS011F;TS0121","onoff;measure_power;meter_power;measure_voltage;measure_current","battery"
"valve_smart","Valve Smart","sensor","_TZE200_fzo2pocs;_TZE200_5zbp6j0u;_TZE200_fdtjuw7u","","alarm_generic","battery"
"wall_touch_1gang","Wall Touch Button 1 Gang","socket","_TZ3000_xabckq1v;_TZ3000_lupfd8zu;_TZ3000_4fjiwweb;_TZ3000_kjfzuycl","TS0041","onoff.button1;measure_temperature;measure_battery;alarm_tamper","battery"
"wall_touch_2gang","Wall Touch Button 2 Gang","socket","_TZ3000_xabckq1v;_TZ3000_lupfd8zu;_TZ3000_4fjiwweb;_TZ3000_kjfzuycl","TS0042","onoff.button1;onoff.button2;measure_temperature;measure_battery;alarm_tamper","battery"
"wall_touch_3gang","Wall Touch Button 3 Gang","socket","_TZ3000_xabckq1v;_TZ3000_lupfd8zu;_TZ3000_4fjiwweb;_TZ3000_kjfzuycl","TS004F;TS0043;TS0044","onoff.button1;onoff.button2;onoff.button3;measure_temperature;measure_battery;alarm_tamper","battery"
"wall_touch_4gang","Wall Touch Button 4 Gang","socket","_TZ3000_xabckq1v;_TZ3000_lupfd8zu;_TZ3000_4fjiwweb;_TZ3000_kjfzuycl","TS0044;TS004F","onoff.button1;onoff.button2;onoff.button3;onoff.button4;measure_temperature;measure_battery;alarm_tamper","battery"
"wall_touch_5gang","Wall Touch Button 5 Gang","socket","_TZ3000_xabckq1v;_TZ3000_lupfd8zu;_TZ3000_4fjiwweb;_TZ3000_kjfzuycl","TS0044;TS004F","onoff.button1;onoff.button2;onoff.button3;onoff.button4;onoff.button5;measure_temperature;measure_battery;alarm_tamper","battery"
"wall_touch_6gang","Wall Touch Button 6 Gang","socket","_TZ3000_xabckq1v;_TZ3000_lupfd8zu;_TZ3000_4fjiwweb;_TZ3000_kjfzuycl","TS0044;TS004F","onoff.button1;onoff.button2;onoff.button3;onoff.button4;onoff.button5;onoff.button6;measure_temperature;measure_battery;alarm_tamper","battery"
"wall_touch_7gang","Wall Touch Button 7 Gang","socket","_TZ3000_xabckq1v;_TZ3000_lupfd8zu;_TZ3000_4fjiwweb;_TZ3000_kjfzuycl","TS0044;TS004F","onoff.button1;onoff.button2;onoff.button3;onoff.button4;onoff.button5;onoff.button6;onoff.button7;measure_temperature;measure_battery;alarm_tamper","battery"
"wall_touch_8gang","Wall Touch Button 8 Gang","socket","_TZ3000_xabckq1v;_TZ3000_lupfd8zu;_TZ3000_4fjiwweb;_TZ3000_kjfzuycl","TS0044;TS004F","onoff.button1;onoff.button2;onoff.button3;onoff.button4;onoff.button5;onoff.button6;onoff.button7;onoff.button8;measure_temperature;measure_battery;alarm_tamper","battery"
"water_leak_sensor","Water Leak Sensor","sensor","_TZ3000_kyb656no;_TZE200_qq9mpfhw;_TZ3000_k4ej3ww2;_TZ3000_upgcbody;_TZE200_htnnfasr;_TZE200_sh1btabb;lumi.sensor_wleak;lumi.sensor_wleak.aq1;_TZ3000_kmh5qpmb;_TZ3000_kqvb5akv;_TZ3000_ww6drja5;_TZ3000_ltt60asa;_TZ3000_akqdg6g7;_TZE200_cowvfni3;_TZE200_myd45weu;_TZE200_qoy0ekbd;_TZ3000_26fmupbb;_TZ3000_n2egfsli;_TZ3000_4ugnzsli","TS0207;TS0601;q9mpfhw;TS0203","alarm_motion;measure_temperature;alarm_water;measure_battery;alarm_contact","battery"
"water_leak_sensor_temp_humidity","Temp Humid Sensor Leak Detector","sensor","_TZ3000_k4ej3ww2;_TZ3000_kyb656no;_TZE200_htnnfasr;_TZE200_sh1btabb;_TZ3000_kmh5qpmb;_TZ3000_kqvb5akv;_TZ3000_ww6drja5;_TZ3000_ltt60asa;_TZ3000_akqdg6g7;_TZE200_cowvfni3;_TZE200_myd45weu;_TZE200_qoy0ekbd;_TZ3000_26fmupbb;_TZ3000_n2egfsli;_TZ3000_4ugnzsli","TS0207;TS0601;TS0203","alarm_motion;measure_temperature;measure_humidity;alarm_water;measure_battery;alarm_contact","battery"
"water_valve","Water Valve","sensor","_TZ3000_k4ej3ww2;_TZ3000_kyb656no;_TZE200_htnnfasr;_TZE200_jthf7vb6;_TZE200_sh1btabb;_TZ3000_kqvb5akv;_TZ3000_ww6drja5;_TZ3000_ltt60asa;_TZ3000_akqdg6g7;_TZE200_cowvfni3;_TZE200_myd45weu;_TZE200_qoy0ekbd","TS0207;TS0601","alarm_motion;measure_temperature;alarm_water;measure_battery","battery"
"water_valve_controller","Smart Water Valve Controller","sensor","_TZ3000_k4ej3ww2;_TZ3000_kyb656no;_TZE200_htnnfasr;_TZE200_sh1btabb;_TZ3000_kqvb5akv;_TZ3000_ww6drja5;_TZ3000_ltt60asa;_TZ3000_akqdg6g7;_TZE200_cowvfni3;_TZE200_myd45weu;_TZE200_qoy0ekbd","TS0207;TS0601","onoff;meter_water;alarm_water;measure_battery;measure_temperature","battery"
"water_valve_smart","Water Valve Smart","sensor","_TZ3000_k4ej3ww2;_TZ3000_kyb656no;_TZE200_htnnfasr;_TZE200_sh1btabb;_TZ3000_kqvb5akv;_TZ3000_ww6drja5;_TZ3000_ltt60asa;_TZ3000_akqdg6g7;_TZE200_cowvfni3;_TZE200_myd45weu;_TZE200_qoy0ekbd","TS0207;TS0601","alarm_motion;measure_temperature;alarm_water;measure_battery","battery"