Manufacturer ID,Status,Source
_tz3000_01gpyda5,EXISTS,Multi-Source
_tz3000_0dumfk2z,EXISTS,Multi-Source
_tz3000_0ghwhypc,EXISTS,Multi-Source
_tz3000_0ht8dnxj,EXISTS,Multi-Source
_tz3000_0s1izerx,EXISTS,Multi-Source
_tz3000_0s9gukzt,EXISTS,Multi-Source
_tz3000_0zfrhq4i,EXISTS,Multi-Source
_tz3000_0zrccfgx,EXISTS,Multi-Source
_tz3000_11pg3ima,EXISTS,Multi-Source
_tz3000_18ejxno0,EXISTS,Multi-Source
_tz3000_1adss9de,EXISTS,Multi-Source
_tz3000_1dd0d5yi,EXISTS,Multi-Source
_tz3000_1hwjutgo,EXISTS,Multi-Source
_tz3000_1twfmkcc,EXISTS,Multi-Source
_tz3000_266azbg3,EXISTS,Multi-Source
_tz3000_26fmupbb,EXISTS,Multi-Source
_tz3000_2iiimqs9,EXISTS,Multi-Source
_tz3000_2izubafb,EXISTS,Multi-Source
_tz3000_2mbfxlzr,EXISTS,Multi-Source
_tz3000_2putqrmw,EXISTS,Multi-Source
_tz3000_2uollq9d,EXISTS,Multi-Source
_tz3000_303avxxt,EXISTS,Multi-Source
_tz3000_3a9beq8a,MISSING,Multi-Source
_tz3000_3ias4w4o,EXISTS,Multi-Source
_tz3000_3zofvcaa,EXISTS,Multi-Source
_tz3000_402vrq2i,EXISTS,Multi-Source
_tz3000_46t1rvdu,EXISTS,Multi-Source
_tz3000_49qchf10,EXISTS,Multi-Source
_tz3000_4fjiwweb,EXISTS,Multi-Source
_tz3000_4fsgukof,EXISTS,Multi-Source
_tz3000_4o16jdca,EXISTS,Multi-Source
_tz3000_4rbqgcuv,EXISTS,Multi-Source
_tz3000_4ugnzsli,EXISTS,Multi-Source
_tz3000_4upl1fcj,EXISTS,Multi-Source
_tz3000_4ux0ondb,EXISTS,Multi-Source
_tz3000_4xfqlgqo,EXISTS,Multi-Source
_tz3000_4zf0crgo,EXISTS,Multi-Source
_tz3000_54hjn4vs,EXISTS,Multi-Source
_tz3000_5ajpkyq6,EXISTS,Multi-Source
_tz3000_5bpeda8u,EXISTS,Multi-Source
_tz3000_5fkufhn1,EXISTS,Multi-Source
_tz3000_5gey1ohx,EXISTS,Multi-Source
_tz3000_5iixzdo7,EXISTS,Multi-Source
_tz3000_5k5vh43t,EXISTS,Multi-Source
_tz3000_5ksufhqi,EXISTS,Multi-Source
_tz3000_5kxl9esg,EXISTS,Multi-Source
_tz3000_5ng23zjs,EXISTS,Multi-Source
_tz3000_5tqxpine,EXISTS,Multi-Source
_tz3000_5ucujjts,EXISTS,Multi-Source
_tz3000_65ajyxua,EXISTS,Multi-Source
_tz3000_66fekqhh,EXISTS,Multi-Source
_tz3000_6km7djcm,EXISTS,Multi-Source
_tz3000_6l1pjfqe,EXISTS,Multi-Source
_tz3000_6s5dc9lx,EXISTS,Multi-Source
_tz3000_6uzkisv2,EXISTS,Multi-Source
_tz3000_6ygjfyll,EXISTS,Multi-Source
_tz3000_74hsp7qy,EXISTS,Multi-Source
_tz3000_785olaiq,EXISTS,Multi-Source
_tz3000_7d8yme6f,EXISTS,Multi-Source
_tz3000_7dcddnye,EXISTS,Multi-Source
_tz3000_7ed9cqgi,EXISTS,Multi-Source
_tz3000_7hcgjxpc,EXISTS,Multi-Source
_tz3000_7issjl2q,MISSING,Multi-Source
_tz3000_7kscdesh,EXISTS,Multi-Source
_tz3000_7y90pany,EXISTS,Multi-Source
_tz3000_7ysdnebc,EXISTS,Multi-Source
_tz3000_8a833yls,EXISTS,Multi-Source
_tz3000_8bxrzyxz,EXISTS,Multi-Source
_tz3000_8fdayfch,EXISTS,Multi-Source
_tz3000_8h7wgocw,EXISTS,Multi-Source
_tz3000_8n7lqbm0,EXISTS,Multi-Source
_tz3000_8nyaanzb,EXISTS,Multi-Source
_tz3000_8uaoilu9,EXISTS,Multi-Source
_tz3000_8uxxzz4b,EXISTS,Multi-Source
_tz3000_8ybe88nf,EXISTS,Multi-Source
_tz3000_8yhypbo7,EXISTS,Multi-Source
_tz3000_92qd4sqa,EXISTS,Multi-Source
_tz3000_996rpfy6,EXISTS,Multi-Source
_tz3000_9cpuaca6,EXISTS,Multi-Source
_tz3000_9kbbfeho,EXISTS,Multi-Source
_tz3000_9r5jaajv,EXISTS,Multi-Source
_tz3000_a4xycprs,EXISTS,Multi-Source
_tz3000_aa5t61rh,EXISTS,Multi-Source
_tz3000_aaifmpuq,EXISTS,Multi-Source
_tz3000_abaplimj,EXISTS,Multi-Source
_tz3000_abjodzas,EXISTS,Multi-Source
_tz3000_abrsvsou,EXISTS,Multi-Source
_tz3000_afgzktgb,EXISTS,Multi-Source
_tz3000_aknpkt02,EXISTS,Multi-Source
_tz3000_akqdg6g7,EXISTS,Multi-Source
_tz3000_aracgljk,EXISTS,Multi-Source
_tz3000_ark8nv4y,MISSING,Multi-Source
_tz3000_avky2mvc,EXISTS,Multi-Source
_tz3000_awvmkayh,EXISTS,Multi-Source
_tz3000_b28wrpvx,EXISTS,Multi-Source
_tz3000_b3mgfu0d,EXISTS,Multi-Source
_tz3000_bep7ccew,EXISTS,Multi-Source
_tz3000_bfn1w0mm,EXISTS,Multi-Source
_tz3000_bgtzm4ny,EXISTS,Multi-Source
_tz3000_bguser20,EXISTS,Multi-Source
_tz3000_bhcpnvud,MISSING,Multi-Source
_tz3000_biakwrag,EXISTS,Multi-Source
_tz3000_bjawzodf,EXISTS,Multi-Source
_tz3000_bmqxalil,EXISTS,Multi-Source
_tz3000_bpkijo14,EXISTS,Multi-Source
_tz3000_bs93npae,EXISTS,Multi-Source
_tz3000_bsvqrxru,EXISTS,Multi-Source
_tz3000_bvij6kod,EXISTS,Multi-Source
_tz3000_bvrlqyj7,EXISTS,Multi-Source
_tz3000_bwlvyjwk,EXISTS,Multi-Source
_tz3000_cayepv1a,EXISTS,Multi-Source
_tz3000_cehuw1lw,EXISTS,Multi-Source
_tz3000_ceplrhnu,EXISTS,Multi-Source
_tz3000_cet6ch1r,EXISTS,Multi-Source
_tz3000_cfnprab5,EXISTS,Multi-Source
_tz3000_cicwjqth,EXISTS,Multi-Source
_tz3000_cmcjbqup,MISSING,Multi-Source
_tz3000_cpozgbrx,EXISTS,Multi-Source
_tz3000_ctftgjwb,EXISTS,Multi-Source
_tz3000_cvis4qmw,EXISTS,Multi-Source
_tz3000_czuyt8lz,EXISTS,Multi-Source
_tz3000_dbou1ap4,EXISTS,Multi-Source
_tz3000_decxrtwa,EXISTS,Multi-Source
_tz3000_dfgbtub0,EXISTS,Multi-Source
_tz3000_dlhhrhs8,EXISTS,Multi-Source
_tz3000_dlug3kbc,EXISTS,Multi-Source
_tz3000_do6txrcw,EXISTS,Multi-Source
_tz3000_dowj6gyi,EXISTS,Multi-Source
_tz3000_drc9tuqb,EXISTS,Multi-Source
_tz3000_dyzkbcip,EXISTS,Multi-Source
_tz3000_dziaict4,EXISTS,Multi-Source
_tz3000_e3vhyirx,EXISTS,Multi-Source
_tz3000_ee8nrt2l,EXISTS,Multi-Source
_tz3000_eei0ubpy,EXISTS,Multi-Source
_tz3000_el5kt5im,EXISTS,Multi-Source
_tz3000_empogkya,EXISTS,Multi-Source
_tz3000_eo3dttwe,EXISTS,Multi-Source
_tz3000_eqsair32,EXISTS,Multi-Source
_tz3000_estfrmup,EXISTS,Multi-Source
_tz3000_et7afzxz,EXISTS,Multi-Source
_tz3000_etufnltx,EXISTS,Multi-Source
_tz3000_evag0pvn,EXISTS,Multi-Source
_tz3000_ezqbvrqz,EXISTS,Multi-Source
_tz3000_f2bw0b6k,EXISTS,Multi-Source
_tz3000_fa9mlvja,EXISTS,Multi-Source
_tz3000_fawk5xjv,EXISTS,Multi-Source
_tz3000_fbjdkph9,EXISTS,Multi-Source
_tz3000_fdxihpp7,EXISTS,Multi-Source
_tz3000_femsaaua,EXISTS,Multi-Source
_tz3000_fie1dpkm,EXISTS,Multi-Source
_tz3000_fisb3ajo,EXISTS,Multi-Source
_tz3000_fllyghyj,EXISTS,Multi-Source
_tz3000_fsiepnrh,EXISTS,Multi-Source
_tz3000_g1glzzfk,EXISTS,Multi-Source
_tz3000_g8n1n7lg,EXISTS,Multi-Source
_tz3000_g92baclx,EXISTS,Multi-Source
_tz3000_g9chy2ib,EXISTS,Multi-Source
_tz3000_g9g2xnch,EXISTS,Multi-Source
_tz3000_gazjngjl,EXISTS,Multi-Source
_tz3000_gb5gaeca,EXISTS,Multi-Source
_tz3000_gbshwgag,EXISTS,Multi-Source
_tz3000_gdyjfvgm,EXISTS,Multi-Source
_tz3000_gek6snaj,EXISTS,Multi-Source
_tz3000_gexniqbq,EXISTS,Multi-Source
_tz3000_gjnozsaz,EXISTS,Multi-Source
_tz3000_gjrubzje,EXISTS,Multi-Source
_tz3000_gntwytxo,EXISTS,Multi-Source
_tz3000_gszjt2xx,EXISTS,Multi-Source
_tz3000_gwkzibhs,EXISTS,Multi-Source
_tz3000_gzvniqjb,EXISTS,Multi-Source
_tz3000_h1ipgkwn,EXISTS,Multi-Source
_tz3000_h3noz0a5,MISSING,Multi-Source
_tz3000_h4wnrtck,EXISTS,Multi-Source
_tz3000_h8ngtlxy,MISSING,Multi-Source
_tz3000_hbic3ka3,EXISTS,Multi-Source
_tz3000_hdc8bbha,EXISTS,Multi-Source
_tz3000_helyqdvs,EXISTS,Multi-Source
_tz3000_hexqj6ls,EXISTS,Multi-Source
_tz3000_hktqahrq,EXISTS,Multi-Source
_tz3000_hojntt34,EXISTS,Multi-Source
_tz3000_huvxrx4i,EXISTS,Multi-Source
_tz3000_hy6ncvmw,EXISTS,Multi-Source
_tz3000_hyfvrar3,EXISTS,Multi-Source
_tz3000_hzlsaltw,EXISTS,Multi-Source
_tz3000_i9oy2rdq,MISSING,Multi-Source
_tz3000_i9w5mehz,EXISTS,Multi-Source
_tz3000_ibefeicf,EXISTS,Multi-Source
_tz3000_iedbgyxt,EXISTS,Multi-Source
_tz3000_iivsrikg,EXISTS,Multi-Source
_tz3000_ikuxinvo,EXISTS,Multi-Source
_tz3000_imaccztn,EXISTS,Multi-Source
_tz3000_in5qxhtt,EXISTS,Multi-Source
_tz3000_in5s3wn1,EXISTS,Multi-Source
_tz3000_irrmjcgi,EXISTS,Multi-Source
_tz3000_isw9u95y,EXISTS,Multi-Source
_tz3000_itnrsufe,EXISTS,Multi-Source
_tz3000_ixla93vd,EXISTS,Multi-Source
_tz3000_iy2c3n6p,EXISTS,Multi-Source
_tz3000_iymfxdis,EXISTS,Multi-Source
_tz3000_j0gtlepx,EXISTS,Multi-Source
_tz3000_j2w1dw29,EXISTS,Multi-Source
_tz3000_j61x9rxn,EXISTS,Multi-Source
_tz3000_j6adk9id,EXISTS,Multi-Source
_tz3000_jcqs2mrv,EXISTS,Multi-Source
_tz3000_ji4araar,EXISTS,Multi-Source
_tz3000_jl7qyupf,EXISTS,Multi-Source
_tz3000_jmrgyl7o,EXISTS,Multi-Source
_tz3000_jsfzkftc,EXISTS,Multi-Source
_tz3000_ju82pu2b,EXISTS,Multi-Source
_tz3000_juq7i1fr,EXISTS,Multi-Source
_tz3000_jwcixnrz,EXISTS,Multi-Source
_tz3000_jwv3cwak,EXISTS,Multi-Source
_tz3000_k4ej3ww2,EXISTS,Multi-Source
_tz3000_k6fvknrr,EXISTS,Multi-Source
_tz3000_kdpxju99,EXISTS,Multi-Source
_tz3000_kfu8zapd,EXISTS,Multi-Source
_tz3000_kkerjand,EXISTS,Multi-Source
_tz3000_kky16aay,EXISTS,Multi-Source
_tz3000_knoj8lpk,EXISTS,Multi-Source
_tz3000_kpatq5pq,EXISTS,Multi-Source
_tz3000_kqvb5akv,EXISTS,Multi-Source
_tz3000_kstbkt6a,EXISTS,Multi-Source
_tz3000_ksw8qtmt,EXISTS,Multi-Source
_tz3000_ktuoyvt5,EXISTS,Multi-Source
_tz3000_kvwrdf47,EXISTS,Multi-Source
_tz3000_kxlmv9ag,MISSING,Multi-Source
_tz3000_ky0fq4ho,EXISTS,Multi-Source
_tz3000_kyb656no,EXISTS,Multi-Source
_tz3000_kycczpw8,EXISTS,Multi-Source
_tz3000_kz1anoi8,EXISTS,Multi-Source
_tz3000_l6rsaipj,EXISTS,Multi-Source
_tz3000_l8fsgo6p,EXISTS,Multi-Source
_tz3000_lepzuhto,EXISTS,Multi-Source
_tz3000_lf56vpxj,EXISTS,Multi-Source
_tz3000_liygxtcq,EXISTS,Multi-Source
_tz3000_ljhbw1c9,EXISTS,Multi-Source
_tz3000_lltemgsf,EXISTS,Multi-Source
_tz3000_lmlsduws,EXISTS,Multi-Source
_tz3000_lnggrqqi,EXISTS,Multi-Source
_tz3000_lqb7lcq9,EXISTS,Multi-Source
_tz3000_lqmvrwa2,EXISTS,Multi-Source
_tz3000_lsunm46z,EXISTS,Multi-Source
_tz3000_ltt60asa,EXISTS,Multi-Source
_tz3000_lubfc1t5,EXISTS,Multi-Source
_tz3000_lugaswf8,EXISTS,Multi-Source
_tz3000_lvhy15ix,EXISTS,Multi-Source
_tz3000_lzdjjfss,EXISTS,Multi-Source
_tz3000_m0vaazab,EXISTS,Multi-Source
_tz3000_m3pafcnk,EXISTS,Multi-Source
_tz3000_m4ah6bcz,EXISTS,Multi-Source
_tz3000_m8f3z8ju,EXISTS,Multi-Source
_tz3000_m9af2l6g,EXISTS,Multi-Source
_tz3000_ma3mhpx2,EXISTS,Multi-Source
_tz3000_mcxw5ehu,EXISTS,Multi-Source
_tz3000_mdj7kra9,EXISTS,Multi-Source
_tz3000_mg4dy6z6,EXISTS,Multi-Source
_tz3000_mgusv51k,EXISTS,Multi-Source
_tz3000_mh9px7cq,EXISTS,Multi-Source
_tz3000_mhhxxjrs,EXISTS,Multi-Source
_tz3000_misw04hq,EXISTS,Multi-Source
_tz3000_mkhkxx1p,EXISTS,Multi-Source
_tz3000_mmkbptmx,EXISTS,Multi-Source
_tz3000_mqiev3jk,EXISTS,Multi-Source
_tz3000_mrpevh8p,EXISTS,Multi-Source
_tz3000_msl6wxk9,EXISTS,Multi-Source
_tz3000_mtnpt6ws,EXISTS,Multi-Source
_tz3000_mufwv0ry,EXISTS,Multi-Source
_tz3000_mugyhz0q,EXISTS,Multi-Source
_tz3000_mvn6jl7x,EXISTS,Multi-Source
_tz3000_mw1pqqqt,EXISTS,Multi-Source
_tz3000_mx3vgyea,EXISTS,Multi-Source
_tz3000_mxzo5rhf,EXISTS,Multi-Source
_tz3000_myaaknbq,EXISTS,Multi-Source
_tz3000_n0lphcok,EXISTS,Multi-Source
_tz3000_n2egfsli,EXISTS,Multi-Source
_tz3000_nbnmw9nc,EXISTS,Multi-Source
_tz3000_ncb6mkx8,EXISTS,Multi-Source
_tz3000_nivavasg,EXISTS,Multi-Source
_tz3000_nkkl7uzv,EXISTS,Multi-Source
_tz3000_nlsszmzl,EXISTS,Multi-Source
_tz3000_nnwehhst,EXISTS,Multi-Source
_tz3000_noru9tix,EXISTS,Multi-Source
_tz3000_nosnx7im,EXISTS,Multi-Source
_tz3000_npgipl5d,EXISTS,Multi-Source
_tz3000_npzfdcof,EXISTS,Multi-Source
_tz3000_nss8amz9,EXISTS,Multi-Source
_tz3000_nuenzetq,EXISTS,Multi-Source
_tz3000_nuombroo,EXISTS,Multi-Source
_tz3000_nzkqcvvs,EXISTS,Multi-Source
_tz3000_o005nuxx,EXISTS,Multi-Source
_tz3000_o1jzcxou,EXISTS,Multi-Source
_tz3000_o4cjetlm,EXISTS,Multi-Source
_tz3000_o4mkahkc,EXISTS,Multi-Source
_tz3000_obacbukl,EXISTS,Multi-Source
_tz3000_oborybow,EXISTS,Multi-Source
_tz3000_ocjlo4ea,EXISTS,Multi-Source
_tz3000_odygigth,EXISTS,Multi-Source
_tz3000_odzoiovu,EXISTS,Multi-Source
_tz3000_ogpla3lh,EXISTS,Multi-Source
_tz3000_oiymh3qu,EXISTS,Multi-Source
_tz3000_ok0ggpk7,EXISTS,Multi-Source
_tz3000_okaz9tjs,EXISTS,Multi-Source
_tz3000_osu834un,EXISTS,Multi-Source
_tz3000_otvn3lne,EXISTS,Multi-Source
_tz3000_ouwfc1qj,EXISTS,Multi-Source
_tz3000_oxslv1c9,EXISTS,Multi-Source
_tz3000_p3fph1go,EXISTS,Multi-Source
_tz3000_p6ju8myv,EXISTS,Multi-Source
_tz3000_pcqjmcud,EXISTS,Multi-Source
_tz3000_pf7swkqp,EXISTS,Multi-Source
_tz3000_pgq7ormg,EXISTS,Multi-Source
_tz3000_pjb1ua0m,EXISTS,Multi-Source
_tz3000_pkfazisv,EXISTS,Multi-Source
_tz3000_prits6g4,EXISTS,Multi-Source
_tz3000_pv4puuxi,EXISTS,Multi-Source
_tz3000_pvlvoxvt,EXISTS,Multi-Source
_tz3000_q50zhdsc,EXISTS,Multi-Source
_tz3000_q6a3tepg,MISSING,Multi-Source
_tz3000_q8r0bbvy,EXISTS,Multi-Source
_tz3000_qaa59zqd,EXISTS,Multi-Source
_tz3000_qaabwu5c,EXISTS,Multi-Source
_tz3000_qaaysllp,EXISTS,Multi-Source
_tz3000_qd7hej8u,EXISTS,Multi-Source
_tz3000_qeuvnohg,EXISTS,Multi-Source
_tz3000_qgwcxxws,EXISTS,Multi-Source
_tz3000_qhyadm57,EXISTS,Multi-Source
_tz3000_qiutut5y,EXISTS,Multi-Source
_tz3000_qja6nq5z,EXISTS,Multi-Source
_tz3000_qlai3277,EXISTS,Multi-Source
_tz3000_qlmnxmac,EXISTS,Multi-Source
_tz3000_qmi1cfuq,EXISTS,Multi-Source
_tz3000_qnejhcsu,EXISTS,Multi-Source
_tz3000_qomxlryd,EXISTS,Multi-Source
_tz3000_qorepo2x,EXISTS,Multi-Source
_tz3000_qq9ahj6z,EXISTS,Multi-Source
_tz3000_qrldbmfn,EXISTS,Multi-Source
_tz3000_qsp2pwtf,MISSING,Multi-Source
_tz3000_quqaeew6,EXISTS,Multi-Source
_tz3000_qvmiyxuk,EXISTS,Multi-Source
_tz3000_qxcnwv26,EXISTS,Multi-Source
_tz3000_qystbcjg,EXISTS,Multi-Source
_tz3000_r0o2dahu,EXISTS,Multi-Source
_tz3000_r80pzsb9,MISSING,Multi-Source
_tz3000_raviyuvk,EXISTS,Multi-Source
_tz3000_rcuyhwe3,EXISTS,Multi-Source
_tz3000_rdhukkmi,EXISTS,Multi-Source
_tz3000_rgpqqmbj,EXISTS,Multi-Source
_tz3000_rhkfbfcv,EXISTS,Multi-Source
_tz3000_rid8lzvo,EXISTS,Multi-Source
_tz3000_riwp3k79,EXISTS,Multi-Source
_tz3000_rk2yzt0u,MISSING,Multi-Source
_tz3000_rmjr4ufz,EXISTS,Multi-Source
_tz3000_rqbjepe8,EXISTS,Multi-Source
_tz3000_rsylfthg,EXISTS,Multi-Source
_tz3000_rtcrrvia,EXISTS,Multi-Source
_tz3000_rul9yxcc,EXISTS,Multi-Source
_tz3000_ruldv5dt,EXISTS,Multi-Source
_tz3000_ruxexjfz,EXISTS,Multi-Source
_tz3000_rylaozuc,EXISTS,Multi-Source
_tz3000_s678wazd,EXISTS,Multi-Source
_tz3000_saiqcn0y,EXISTS,Multi-Source
_tz3000_sgb0xhwn,EXISTS,Multi-Source
_tz3000_shopg9ss,MISSING,Multi-Source
_tz3000_skueekg3,EXISTS,Multi-Source
_tz3000_sosdczdl,EXISTS,Multi-Source
_tz3000_ss98ec5d,EXISTS,Multi-Source
_tz3000_ssp0maqm,EXISTS,Multi-Source
_tz3000_sznawwyw,EXISTS,Multi-Source
_tz3000_t3vvhrmh,MISSING,Multi-Source
_tz3000_t6jriawg,EXISTS,Multi-Source
_tz3000_t9qqxn70,EXISTS,Multi-Source
_tz3000_tas0zemd,EXISTS,Multi-Source
_tz3000_taspddvq,EXISTS,Multi-Source
_tz3000_tgddllx4,EXISTS,Multi-Source
_tz3000_th6zqqy6,EXISTS,Multi-Source
_tz3000_timx9ivq,EXISTS,Multi-Source
_tz3000_tj4pwzzm,EXISTS,Multi-Source
_tz3000_tqlv4ug4,EXISTS,Multi-Source
_tz3000_tvuarksa,EXISTS,Multi-Source
_tz3000_txpirhfq,EXISTS,Multi-Source
_tz3000_tygpxwqa,EXISTS,Multi-Source
_tz3000_typdpbpg,EXISTS,Multi-Source
_tz3000_u2bbagu4,EXISTS,Multi-Source
_tz3000_u3nv1jwk,EXISTS,Multi-Source
_tz3000_u3oupgdy,EXISTS,Multi-Source
_tz3000_uaa34g7v,EXISTS,Multi-Source
_tz3000_udl7uyd2,EXISTS,Multi-Source
_tz3000_udyjylt7,EXISTS,Multi-Source
_tz3000_ufttklsz,EXISTS,Multi-Source
_tz3000_ug1vtuzn,EXISTS,Multi-Source
_tz3000_ugi8ky6u,EXISTS,Multi-Source
_tz3000_uilitwsy,EXISTS,Multi-Source
_tz3000_uim07oem,EXISTS,Multi-Source
_tz3000_upgcbody,EXISTS,Multi-Source
_tz3000_uri7ongn,EXISTS,Multi-Source
_tz3000_uwkja6z1,EXISTS,Multi-Source
_tz3000_v1pdxuqq,EXISTS,Multi-Source
_tz3000_v1srfw9x,EXISTS,Multi-Source
_tz3000_v1w2k9dd,EXISTS,Multi-Source
_tz3000_v4l4b0lp,EXISTS,Multi-Source
_tz3000_v7chgqso,EXISTS,Multi-Source
_tz3000_v7gnj3ad,MISSING,Multi-Source
_tz3000_veu2v775,EXISTS,Multi-Source
_tz3000_vsasbzkf,EXISTS,Multi-Source
_tz3000_vw8pawxa,EXISTS,Multi-Source
_tz3000_w0ypwa1f,EXISTS,Multi-Source
_tz3000_w1tcofu8,EXISTS,Multi-Source
_tz3000_wbloefbf,EXISTS,Multi-Source
_tz3000_wijoqjk1,EXISTS,Multi-Source
_tz3000_wlquqiiz,EXISTS,Multi-Source
_tz3000_wmlc9p9z,MISSING,Multi-Source
_tz3000_wn65ixz9,EXISTS,Multi-Source
_tz3000_wnzoyohq,EXISTS,Multi-Source
_tz3000_wpueorev,MISSING,Multi-Source
_tz3000_wr2ucaj9,EXISTS,Multi-Source
_tz3000_wr6g6olr,EXISTS,Multi-Source
_tz3000_wsspgtcd,EXISTS,Multi-Source
_tz3000_ww6drja5,EXISTS,Multi-Source
_tz3000_wxtp7c5y,EXISTS,Multi-Source
_tz3000_x3ewpzyr,EXISTS,Multi-Source
_tz3000_x8mbwtsz,EXISTS,Multi-Source
_tz3000_xabckq1v,EXISTS,Multi-Source
_tz3000_xfs39dbf,EXISTS,Multi-Source
_tz3000_xkap8wtb,EXISTS,Multi-Source
_tz3000_xr3htd96,EXISTS,Multi-Source
_tz3000_y4ona9me,EXISTS,Multi-Source
_tz3000_yd2e749y,EXISTS,Multi-Source
_tz3000_yfekcy3n,EXISTS,Multi-Source
_tz3000_ypgri8yz,EXISTS,Multi-Source
_tz3000_yruungrl,EXISTS,Multi-Source
_tz3000_ysiog9xi,EXISTS,Multi-Source
_tz3000_yujkchbz,EXISTS,Multi-Source
_tz3000_ywagc4rj,EXISTS,Multi-Source
_tz3000_ywubfuvt,EXISTS,Multi-Source
_tz3000_zbfya6h0,EXISTS,Multi-Source
_tz3000_zjchz7pd,EXISTS,Multi-Source
_tz3000_zjtxnoft,EXISTS,Multi-Source
_tz3000_zl1kmjqx,EXISTS,Multi-Source
_tz3000_zmy4lslw,EXISTS,Multi-Source
_tz3000_zrm3oxsh,EXISTS,Multi-Source
_tz3000_zsh6uat3,EXISTS,Multi-Source
_tz3000_zv6x8bt2,EXISTS,Multi-Source
_tz3000_zw7wr5uo,EXISTS,Multi-Source
_tz3000_zwaadvus,EXISTS,Multi-Source
_tz3000_zxrfobzw,EXISTS,Multi-Source
_tz3002_1s0vfmtv,MISSING,Multi-Source
_tz3002_6ahhkwyh,MISSING,Multi-Source
_tz3002_9vcekkp1,MISSING,Multi-Source
_tz3002_aewsvjcu,MISSING,Multi-Source
_tz3002_gdwja9a7,MISSING,Multi-Source
_tz3002_iedhxgyi,MISSING,Multi-Source
_tz3002_jn2x20tg,EXISTS,Multi-Source
_tz3002_kq3kqwjt,MISSING,Multi-Source
_tz3002_m3pafcnk,MISSING,Multi-Source
_tz3002_phu8ygaw,MISSING,Multi-Source
_tz3002_pzao9ls1,MISSING,Multi-Source
_tz3002_rbnycsav,MISSING,Multi-Source
_tz3002_sal078g8,MISSING,Multi-Source
_tz3002_sfh0jtz0,MISSING,Multi-Source
_tz3002_umdkr64x,MISSING,Multi-Source
_tz3002_ymv5vytn,MISSING,Multi-Source
_tz3002_zjuvw9zf,EXISTS,Multi-Source
_tz3040_6ygjfyll,EXISTS,Multi-Source
_tz3040_bb6xaihh,EXISTS,Multi-Source
_tz3040_fwxuzcf4,MISSING,Multi-Source
_tz3040_msl6wxk9,EXISTS,Multi-Source
_tz3040_wqmtjsyk,EXISTS,Multi-Source
_tz3210_09hzmirw,EXISTS,Multi-Source
_tz3210_2dfy6tol,EXISTS,Multi-Source
_tz3210_3mpwqzuu,EXISTS,Multi-Source
_tz3210_3ulg9kpo,EXISTS,Multi-Source
_tz3210_4ubylghk,EXISTS,Multi-Source
_tz3210_5ct6e7ye,EXISTS,Multi-Source
_tz3210_778drfdt,EXISTS,Multi-Source
_tz3210_7vgttna6,EXISTS,Multi-Source
_tz3210_8n4dn1ne,EXISTS,Multi-Source
_tz3210_a04acm9s,EXISTS,Multi-Source
_tz3210_alxkwn0h,EXISTS,Multi-Source
_tz3210_bfwvfyx1,EXISTS,Multi-Source
_tz3210_c0s1xloa,EXISTS,Multi-Source
_tz3210_c2iwpxf1,EXISTS,Multi-Source
_tz3210_cieijuw1,EXISTS,Multi-Source
_tz3210_cwamkvua,EXISTS,Multi-Source
_tz3210_dbilpfqk,EXISTS,Multi-Source
_tz3210_ddigca5n,EXISTS,Multi-Source
_tz3210_dn5higyl,EXISTS,Multi-Source
_tz3210_dse8ogfy,EXISTS,Multi-Source
_tz3210_dwytrmda,EXISTS,Multi-Source
_tz3210_dwzfzfjc,EXISTS,Multi-Source
_tz3210_dxroobu3,EXISTS,Multi-Source
_tz3210_emqmwtym,MISSING,Multi-Source
_tz3210_fhx7lk3d,EXISTS,Multi-Source
_tz3210_frm6149r,EXISTS,Multi-Source
_tz3210_guijtl8k,EXISTS,Multi-Source
_tz3210_hicxa0rh,EXISTS,Multi-Source
_tz3210_hquixjeg,EXISTS,Multi-Source
_tz3210_hxtfthp5,EXISTS,Multi-Source
_tz3210_ifga63rg,EXISTS,Multi-Source
_tz3210_it1u8ahz,EXISTS,Multi-Source
_tz3210_iw0zkcu8,EXISTS,Multi-Source
_tz3210_iystcadi,EXISTS,Multi-Source
_tz3210_j4pdtz9v,EXISTS,Multi-Source
_tz3210_jd3z4yig,EXISTS,Multi-Source
_tz3210_jicmoite,EXISTS,Multi-Source
_tz3210_jjqdqxfq,EXISTS,Multi-Source
_tz3210_jlf1nepw,EXISTS,Multi-Source
_tz3210_jowhpxop,EXISTS,Multi-Source
_tz3210_jtifm80b,EXISTS,Multi-Source
_tz3210_k1msuvg6,EXISTS,Multi-Source
_tz3210_ljoasixl,EXISTS,Multi-Source
_tz3210_mja6r5ix,EXISTS,Multi-Source
_tz3210_mt5xjoy6,EXISTS,Multi-Source
_tz3210_ncw88jfq,EXISTS,Multi-Source
_tz3210_ngqk6jia,EXISTS,Multi-Source
_tz3210_p68kms0l,EXISTS,Multi-Source
_tz3210_p9ao60da,EXISTS,Multi-Source
_tz3210_pagajpog,EXISTS,Multi-Source
_tz3210_r0xgkft5,EXISTS,Multi-Source
_tz3210_r5afgmkl,EXISTS,Multi-Source
_tz3210_rcggc0ys,EXISTS,Multi-Source
_tz3210_rwmitwj4,EXISTS,Multi-Source
_tz3210_s9lumfhn,EXISTS,Multi-Source
_tz3210_sln7ah6r,EXISTS,Multi-Source
_tz3210_tfxwxklq,EXISTS,Multi-Source
_tz3210_tgvtvdoc,EXISTS,Multi-Source
_tz3210_umi6vbsz,EXISTS,Multi-Source
_tz3210_up3pngle,EXISTS,Multi-Source
_tz3210_urjf5u18,EXISTS,Multi-Source
_tz3210_vfwhhldz,EXISTS,Multi-Source
_tz3210_wdexaypg,EXISTS,Multi-Source
_tz3210_weaqkhab,EXISTS,Multi-Source
_tz3210_wxa85bwk,EXISTS,Multi-Source
_tz3210_x13bu7za,EXISTS,Multi-Source
_tz3210_xbpt8ewc,EXISTS,Multi-Source
_tz3210_xwqng7ol,EXISTS,Multi-Source
_tz3210_ysfo0wla,EXISTS,Multi-Source
_tz3210_z1vlyufu,EXISTS,Multi-Source
_tz3210_zbabx9wh,EXISTS,Multi-Source
_tz3210_zrvxvydd,EXISTS,Multi-Source
_tz3210_zxbtub8r,EXISTS,Multi-Source
_tz3218_7fiyo3kv,EXISTS,Multi-Source
_tz3218_hdc8bbha,MISSING,Multi-Source
_tz3218_ya5d6wth,EXISTS,Multi-Source
_tz3290_7v1k4vufotpowp9z,EXISTS,Multi-Source
_tz3290_8xzb2ghn,EXISTS,Multi-Source
_tz3290_ixd9mvv4,MISSING,Multi-Source
_tz3290_jxvzqatwgsaqzx1u,MISSING,Multi-Source
_tz3290_lypnqvlem5eq1ree,MISSING,Multi-Source
_tz3290_nba3knpsarkawgnt,EXISTS,Multi-Source
_tz3290_rlkmy85q4pzoxobl,EXISTS,Multi-Source
_tz3290_uc8lwbi2,EXISTS,Multi-Source
_tz3290_yac64inudpovoaba,MISSING,Multi-Source
_tze200_01fvxamo,EXISTS,Multi-Source
_tze200_0hb4rdnp,EXISTS,Multi-Source
_tze200_0hg58wyk,EXISTS,Multi-Source
_tze200_0j5jma9b,EXISTS,Multi-Source
_tze200_0nauxa0p,EXISTS,Multi-Source
_tze200_0u3bj3rc,EXISTS,Multi-Source
_tze200_0zaf1cr8,EXISTS,Multi-Source
_tze200_1agwnems,EXISTS,Multi-Source
_tze200_1drr8tab,EXISTS,Multi-Source
_tze200_1fuxihti,MISSING,Multi-Source
_tze200_1ibpyhdc,EXISTS,Multi-Source
_tze200_2aaelwxk,EXISTS,Multi-Source
_tze200_2atgpdho,EXISTS,Multi-Source
_tze200_2dpplnsn,MISSING,Multi-Source
_tze200_2ekuz3dz,EXISTS,Multi-Source
_tze200_2hf7x9n3,EXISTS,Multi-Source
_tze200_2imwyigp,EXISTS,Multi-Source
_tze200_2m38mh6k,EXISTS,Multi-Source
_tze200_2odrmqwq,EXISTS,Multi-Source
_tze200_2pddnnrk,EXISTS,Multi-Source
_tze200_2se8efxh,EXISTS,Multi-Source
_tze200_2vfxweng,EXISTS,Multi-Source
_tze200_3ejwxpmu,EXISTS,Multi-Source
_tze200_3i3exuay,EXISTS,Multi-Source
_tze200_3p5ydos3,EXISTS,Multi-Source
_tze200_3t91nb6k,EXISTS,Multi-Source
_tze200_3towulqd,EXISTS,Multi-Source
_tze200_3xfjp0ag,EXISTS,Multi-Source
_tze200_3ylew7b4,MISSING,Multi-Source
_tze200_44af8vyi,EXISTS,Multi-Source
_tze200_4eeyebrt,EXISTS,Multi-Source
_tze200_4mh6tyyo,EXISTS,Multi-Source
_tze200_4pm4pekt,MISSING,Multi-Source
_tze200_4utwoz2,MISSING,Multi-Source
_tze200_4utwozi2,EXISTS,Multi-Source
_tze200_4vobcgd3,EXISTS,Multi-Source
_tze200_579lguh2,EXISTS,Multi-Source
_tze200_5d3vhjro,EXISTS,Multi-Source
_tze200_5nldle7w,EXISTS,Multi-Source
_tze200_5sbebbzs,EXISTS,Multi-Source
_tze200_5zbp6j0u,EXISTS,Multi-Source
_tze200_68nvbi09,EXISTS,Multi-Source
_tze200_68nvbio9,EXISTS,Multi-Source
_tze200_6rdj8dzm,EXISTS,Multi-Source
_tze200_6wi2mope,EXISTS,Multi-Source
_tze200_78ioiaml,EXISTS,Multi-Source
_tze200_7bztmfm1,EXISTS,Multi-Source
_tze200_7deq70b8,EXISTS,Multi-Source
_tze200_7fqkphoq,EXISTS,Multi-Source
_tze200_7shyddj3,MISSING,Multi-Source
_tze200_7sjncirf,EXISTS,Multi-Source
_tze200_7yoranx2,EXISTS,Multi-Source
_tze200_86nbew0j,EXISTS,Multi-Source
_tze200_8eazvzo6,EXISTS,Multi-Source
_tze200_8isdky6j,MISSING,Multi-Source
_tze200_8ply8mjj,EXISTS,Multi-Source
_tze200_8thwkzxl,EXISTS,Multi-Source
_tze200_8whxpsiw,EXISTS,Multi-Source
_tze200_8ygsuhe1,EXISTS,Multi-Source
_tze200_9caxna4s,EXISTS,Multi-Source
_tze200_9cqcpkgb,EXISTS,Multi-Source
_tze200_9cxuhakf,EXISTS,Multi-Source
_tze200_9i9dt8is,EXISTS,Multi-Source
_tze200_9mjy74mp,MISSING,Multi-Source
_tze200_9p5xmj5r,EXISTS,Multi-Source
_tze200_9sfg7gm0,EXISTS,Multi-Source
_tze200_9vpe3fl1,EXISTS,Multi-Source
_tze200_9xfjixap,EXISTS,Multi-Source
_tze200_9yapgbuv,EXISTS,Multi-Source
_tze200_a0syesf5,EXISTS,Multi-Source
_tze200_a4bpgplm,EXISTS,Multi-Source
_tze200_a8sdabtg,EXISTS,Multi-Source
_tze200_a8z0g46u,EXISTS,Multi-Source
_tze200_abatw3kj,EXISTS,Multi-Source
_tze200_afycb3cg,EXISTS,Multi-Source
_tze200_ahpcyzth,EXISTS,Multi-Source
_tze200_aj0oxo1i,MISSING,Multi-Source
_tze200_aqnazj70,EXISTS,Multi-Source
_tze200_atpwqgml,EXISTS,Multi-Source
_tze200_auin8mzr,EXISTS,Multi-Source
_tze200_ax8a8ahx,EXISTS,Multi-Source
_tze200_axgvo9jh,EXISTS,Multi-Source
_tze200_b2u1drdv,MISSING,Multi-Source
_tze200_ba69l9ol,EXISTS,Multi-Source
_tze200_bcusnqt8,EXISTS,Multi-Source
_tze200_bfmfhxra,EXISTS,Multi-Source
_tze200_bh3n6gk8,EXISTS,Multi-Source
_tze200_bjawzodf,EXISTS,Multi-Source
_tze200_bjzrowv2,EXISTS,Multi-Source
_tze200_bkkmqmyo,EXISTS,Multi-Source
_tze200_blfcpsxz,EXISTS,Multi-Source
_tze200_bq5c8xfe,EXISTS,Multi-Source
_tze200_bqcqqjpb,EXISTS,Multi-Source
_tze200_bvrlmajk,MISSING,Multi-Source
_tze200_bvu2wnxz,EXISTS,Multi-Source
_tze200_bynnczcb,EXISTS,Multi-Source
_tze200_byzdayie,EXISTS,Multi-Source
_tze200_c2fmom5z,EXISTS,Multi-Source
_tze200_cduqh1l0,EXISTS,Multi-Source
_tze200_cf1sl3tj,EXISTS,Multi-Source
_tze200_cirvgep4,EXISTS,Multi-Source
_tze200_ckud7u2l,EXISTS,Multi-Source
_tze200_clm4gdw4,EXISTS,Multi-Source
_tze200_clrdrnya,EXISTS,Multi-Source
_tze200_cowvfni3,EXISTS,Multi-Source
_tze200_cpbo62rn,EXISTS,Multi-Source
_tze200_cpmgn2cf,EXISTS,Multi-Source
_tze200_cq8lu23i,MISSING,Multi-Source
_tze200_cqtamhh5,EXISTS,Multi-Source
_tze200_crq3r3la,MISSING,Multi-Source
_tze200_ctq0k47x,EXISTS,Multi-Source
_tze200_cwnjrr72,EXISTS,Multi-Source
_tze200_d3z1ukqw,MISSING,Multi-Source
_tze200_d7lpruvi,EXISTS,Multi-Source
_tze200_d9mzkhoq,EXISTS,Multi-Source
_tze200_df04ghrb,EXISTS,Multi-Source
_tze200_dfxkcots,EXISTS,Multi-Source
_tze200_dhke3p9w,EXISTS,Multi-Source
_tze200_di3tfv5b,EXISTS,Multi-Source
_tze200_dikb3dp6,EXISTS,Multi-Source
_tze200_dikkika5,EXISTS,Multi-Source
_tze200_dnz6yvl2,EXISTS,Multi-Source
_tze200_do5qy8zo,EXISTS,Multi-Source
_tze200_dq1mfjug,EXISTS,Multi-Source
_tze200_drs6j6m5,EXISTS,Multi-Source
_tze200_dv8abrrz,EXISTS,Multi-Source
_tze200_dwcarsat,EXISTS,Multi-Source
_tze200_dzuqwsyg,EXISTS,Multi-Source
_tze200_e2bedvo9,EXISTS,Multi-Source
_tze200_e3oitdyu,EXISTS,Multi-Source
_tze200_e9ba97vf,EXISTS,Multi-Source
_tze200_eaac7dkw,EXISTS,Multi-Source
_tze200_ebwgzdqq,EXISTS,Multi-Source
_tze200_edl8pz1k,EXISTS,Multi-Source
_tze200_eegnwoyw,EXISTS,Multi-Source
_tze200_eevqq1uv,EXISTS,Multi-Source
_tze200_ehhrv2e3,EXISTS,Multi-Source
_tze200_emxxanvi,EXISTS,Multi-Source
_tze200_en3wvcbx,MISSING,Multi-Source
_tze200_eo6xhfbo,EXISTS,Multi-Source
_tze200_ewxhg6o9,EXISTS,Multi-Source
_tze200_f1pvdgoh,MISSING,Multi-Source
_tze200_fctwhugx,EXISTS,Multi-Source
_tze200_fdtjuw7u,EXISTS,Multi-Source
_tze200_feolm6rk,MISSING,Multi-Source
_tze200_fjjbhx9d,EXISTS,Multi-Source
_tze200_fodv6bkr,EXISTS,Multi-Source
_tze200_fsb6zw01,EXISTS,Multi-Source
_tze200_fsow0qsk,EXISTS,Multi-Source
_tze200_fwoorn8y,EXISTS,Multi-Source
_tze200_g5wdnuow,MISSING,Multi-Source
_tze200_g5xqosu7,EXISTS,Multi-Source
_tze200_g9a3awaj,EXISTS,Multi-Source
_tze200_ga1maeof,EXISTS,Multi-Source
_tze200_gaj531w3,EXISTS,Multi-Source
_tze200_gbagoilo,EXISTS,Multi-Source
_tze200_ggev5fsl,EXISTS,Multi-Source
_tze200_ghynnvos,EXISTS,Multi-Source
_tze200_gjldowol,EXISTS,Multi-Source
_tze200_gkfbdvyx,EXISTS,Multi-Source
_tze200_gne0e6mk,EXISTS,Multi-Source
_tze200_gnw1rril,EXISTS,Multi-Source
_tze200_go3tvswy,EXISTS,Multi-Source
_tze200_gomuk3dc,EXISTS,Multi-Source
_tze200_grgol3xp,EXISTS,Multi-Source
_tze200_gubdgai2,EXISTS,Multi-Source
_tze200_gwkapsoq,EXISTS,Multi-Source
_tze200_h2rctifa,EXISTS,Multi-Source
_tze200_ha0vwoew,EXISTS,Multi-Source
_tze200_hdih4foa,EXISTS,Multi-Source
_tze200_hewlydpz,EXISTS,Multi-Source
_tze200_hggxgsjj,EXISTS,Multi-Source
_tze200_hkdl5fmv,EXISTS,Multi-Source
_tze200_hl0ss9oa,EXISTS,Multi-Source
_tze200_hmqzfqml,EXISTS,Multi-Source
_tze200_hojryzzd,EXISTS,Multi-Source
_tze200_holel4dk,EXISTS,Multi-Source
_tze200_hsgrhjpf,EXISTS,Multi-Source
_tze200_hue3yfsn,EXISTS,Multi-Source
_tze200_husqqvux,EXISTS,Multi-Source
_tze200_hvaxb2tc,EXISTS,Multi-Source
_tze200_iba1ckek,EXISTS,Multi-Source
_tze200_icka1clh,EXISTS,Multi-Source
_tze200_ijey4q29,EXISTS,Multi-Source
_tze200_ikvncluo,EXISTS,Multi-Source
_tze200_io0zdqh1,EXISTS,Multi-Source
_tze200_ip2akl4w,EXISTS,Multi-Source
_tze200_iq4ygaai,EXISTS,Multi-Source
_tze200_iuk8kupi,EXISTS,Multi-Source
_tze200_iwn0gpzz,EXISTS,Multi-Source
_tze200_j7sgd8po,EXISTS,Multi-Source
_tze200_jfw0a4aa,EXISTS,Multi-Source
_tze200_jhkttplm,EXISTS,Multi-Source
_tze200_ji1gn7rw,EXISTS,Multi-Source
_tze200_jkbljri7,EXISTS,Multi-Source
_tze200_jkfbph7l,MISSING,Multi-Source
_tze200_js3mgbjb,EXISTS,Multi-Source
_tze200_jsaqgakf,EXISTS,Multi-Source
_tze200_jthf7vb6,EXISTS,Multi-Source
_tze200_jva8ink8,EXISTS,Multi-Source
_tze200_jwsjbxjs,EXISTS,Multi-Source
_tze200_jxyhl4eq,EXISTS,Multi-Source
_tze200_k6jhsr0q,EXISTS,Multi-Source
_tze200_ka8l86iu,EXISTS,Multi-Source
_tze200_kb5noeto,EXISTS,Multi-Source
_tze200_kccdzaeo,EXISTS,Multi-Source
_tze200_kds0pmmv,EXISTS,Multi-Source
_tze200_kf2hbko4,EXISTS,Multi-Source
_tze200_khah2lkr,MISSING,Multi-Source
_tze200_khx7nnka,EXISTS,Multi-Source
_tze200_khzbklyh,EXISTS,Multi-Source
_tze200_kijxnb8q,EXISTS,Multi-Source
_tze200_kltffuzl,EXISTS,Multi-Source
_tze200_kvpwq8z7,EXISTS,Multi-Source
_tze200_kyfqmmyl,EXISTS,Multi-Source
_tze200_kzm5w4iz,EXISTS,Multi-Source
_tze200_la2c2uo9,EXISTS,Multi-Source
_tze200_lawxy9e2,EXISTS,Multi-Source
_tze200_leaqthqq,EXISTS,Multi-Source
_tze200_lhqtjwax,EXISTS,Multi-Source
_tze200_lhzapfg9,MISSING,Multi-Source
_tze200_libht6ua,EXISTS,Multi-Source
_tze200_lllliz3p,EXISTS,Multi-Source
_tze200_llm0epxg,MISSING,Multi-Source
_tze200_llvwkkde,EXISTS,Multi-Source
_tze200_lnbfnyxd,EXISTS,Multi-Source
_tze200_lpwgshtl,EXISTS,Multi-Source
_tze200_lsanae15,EXISTS,Multi-Source
_tze200_lu01t0zl,EXISTS,Multi-Source
_tze200_lvkk0hdg,EXISTS,Multi-Source
_tze200_lyetpprm,EXISTS,Multi-Source
_tze200_m9skfctm,EXISTS,Multi-Source
_tze200_mby4kbtq,EXISTS,Multi-Source
_tze200_me6wtiqs,EXISTS,Multi-Source
_tze200_mexisfik,EXISTS,Multi-Source
_tze200_mfamvsdb,EXISTS,Multi-Source
_tze200_mgxy2d9f,EXISTS,Multi-Source
_tze200_mja3fuja,EXISTS,Multi-Source
_tze200_mp902om5,EXISTS,Multi-Source
_tze200_mudxchsu,EXISTS,Multi-Source
_tze200_mwvfvw8g,EXISTS,Multi-Source
_tze200_mx6u6l4y,EXISTS,Multi-Source
_tze200_myd45weu,EXISTS,Multi-Source
_tze200_n1aauwb4,MISSING,Multi-Source
_tze200_n8dljorx,EXISTS,Multi-Source
_tze200_na5qlzow,EXISTS,Multi-Source
_tze200_nh9m9emk,EXISTS,Multi-Source
_tze200_nkjintbl,EXISTS,Multi-Source
_tze200_nklqjk62,EXISTS,Multi-Source
_tze200_nkoabg8w,EXISTS,Multi-Source
_tze200_nogaemzt,EXISTS,Multi-Source
_tze200_nojsjtj2,EXISTS,Multi-Source
_tze200_npj9bug3,EXISTS,Multi-Source
_tze200_nslr42tt,EXISTS,Multi-Source
_tze200_ntcy3xu1,EXISTS,Multi-Source
_tze200_nueqqe6k,EXISTS,Multi-Source
_tze200_nus5kk3n,EXISTS,Multi-Source
_tze200_nv6nxo0c,EXISTS,Multi-Source
_tze200_nvodulvi,EXISTS,Multi-Source
_tze200_nvups4nh,EXISTS,Multi-Source
_tze200_nw1r9hp6,EXISTS,Multi-Source
_tze200_ny94onlb,EXISTS,Multi-Source
_tze200_oc7xqqbs,EXISTS,Multi-Source
_tze200_odlldrxx,MISSING,Multi-Source
_tze200_ogkdpgy2,EXISTS,Multi-Source
_tze200_oisqyl4o,EXISTS,Multi-Source
_tze200_ojtqawav,EXISTS,Multi-Source
_tze200_ojzhk75b,EXISTS,Multi-Source
_tze200_ol5jlkkr,EXISTS,Multi-Source
_tze200_ow09xlxm,MISSING,Multi-Source
_tze200_oyti2ums,EXISTS,Multi-Source
_tze200_p0gzbqct,EXISTS,Multi-Source
_tze200_p2qzzazi,EXISTS,Multi-Source
_tze200_p3dbf6qs,EXISTS,Multi-Source
_tze200_p6fuhvez,MISSING,Multi-Source
_tze200_p6vz3wzt,EXISTS,Multi-Source
_tze200_p9zbdqgs,EXISTS,Multi-Source
_tze200_pay2byax,EXISTS,Multi-Source
_tze200_pbo8cj0z,EXISTS,Multi-Source
_tze200_pisltm67,EXISTS,Multi-Source
_tze200_pk0sfzvr,EXISTS,Multi-Source
_tze200_pl31aqf5,EXISTS,Multi-Source
_tze200_ppuj1vem,EXISTS,Multi-Source
_tze200_pvvbommb,EXISTS,Multi-Source
_tze200_pw7mji0l,EXISTS,Multi-Source
_tze200_py4cm3he,EXISTS,Multi-Source
_tze200_qanl25yu,EXISTS,Multi-Source
_tze200_qhlxve78,EXISTS,Multi-Source
_tze200_qjp4ynvi,EXISTS,Multi-Source
_tze200_qoy0ekbd,EXISTS,Multi-Source
_tze200_qq9mpfhw,EXISTS,Multi-Source
_tze200_qxyh4r7g,EXISTS,Multi-Source
_tze200_qyflbnbj,EXISTS,Multi-Source
_tze200_qyss8gjy,EXISTS,Multi-Source
_tze200_qzaing2g,EXISTS,Multi-Source
_tze200_r0jdjrvi,EXISTS,Multi-Source
_tze200_r32ctezx,EXISTS,Multi-Source
_tze200_raz9qavg,EXISTS,Multi-Source
_tze200_rbbx5mfq,EXISTS,Multi-Source
_tze200_rccxox8p,EXISTS,Multi-Source
_tze200_rddyvrci,EXISTS,Multi-Source
_tze200_rhblgy0z,EXISTS,Multi-Source
_tze200_rhgsbacq,EXISTS,Multi-Source
_tze200_rk1wojce,MISSING,Multi-Source
_tze200_rks0sgb7,EXISTS,Multi-Source
_tze200_rmymn92d,EXISTS,Multi-Source
_tze200_rndg81sf,MISSING,Multi-Source
_tze200_rsj5pu8y,MISSING,Multi-Source
_tze200_rtrmfadk,EXISTS,Multi-Source
_tze200_rufdtfyv,EXISTS,Multi-Source
_tze200_rv6iuyxb,MISSING,Multi-Source
_tze200_rxntag7i,EXISTS,Multi-Source
_tze200_rxq4iti9,EXISTS,Multi-Source
_tze200_ryfmq5rl,EXISTS,Multi-Source
_tze200_s1xgth2u,EXISTS,Multi-Source
_tze200_s6hzw8g2,EXISTS,Multi-Source
_tze200_s7rsrtbg,EXISTS,Multi-Source
_tze200_sbyx0lm6,EXISTS,Multi-Source
_tze200_sgpeacqp,EXISTS,Multi-Source
_tze200_snfdqllf,EXISTS,Multi-Source
_tze200_sur6q7ko,EXISTS,Multi-Source
_tze200_suxywabt,MISSING,Multi-Source
_tze200_swaamsoy,EXISTS,Multi-Source
_tze200_t3xd7l44,EXISTS,Multi-Source
_tze200_t5p1vj8r,EXISTS,Multi-Source
_tze200_tbgecldg,EXISTS,Multi-Source
_tze200_tmszbtzq,EXISTS,Multi-Source
_tze200_toeldckg,EXISTS,Multi-Source
_tze200_tsxpl0d0,EXISTS,Multi-Source
_tze200_ttcovulf,EXISTS,Multi-Source
_tze200_tvrvdj6o,MISSING,Multi-Source
_tze200_tyffvoij,EXISTS,Multi-Source
_tze200_u319yc66,EXISTS,Multi-Source
_tze200_u6x1zyv2,EXISTS,Multi-Source
_tze200_udank5zs,MISSING,Multi-Source
_tze200_uebojraa,EXISTS,Multi-Source
_tze200_ugekduaj,EXISTS,Multi-Source
_tze200_uli8wasj,EXISTS,Multi-Source
_tze200_upagmta9,EXISTS,Multi-Source
_tze200_utkemkbs,EXISTS,Multi-Source
_tze200_ux5v4dbd,EXISTS,Multi-Source
_tze200_v1jqz5cy,EXISTS,Multi-Source
_tze200_v6ossqfy,EXISTS,Multi-Source
_tze200_v9hkz2yn,EXISTS,Multi-Source
_tze200_vdiuwbkq,EXISTS,Multi-Source
_tze200_ves1ycwx,EXISTS,Multi-Source
_tze200_vhy3iakz,EXISTS,Multi-Source
_tze200_viy9ihs7,EXISTS,Multi-Source
_tze200_vizxbhco,EXISTS,Multi-Source
_tze200_vm1gyrso,EXISTS,Multi-Source
_tze200_vmcgja59,EXISTS,Multi-Source
_tze200_vrcfo4i0,EXISTS,Multi-Source
_tze200_vrfecyku,EXISTS,Multi-Source
_tze200_vs0skpuc,EXISTS,Multi-Source
_tze200_vucankjx,EXISTS,Multi-Source
_tze200_vuqzj1ej,EXISTS,Multi-Source
_tze200_vuwtqx0t,EXISTS,Multi-Source
_tze200_vvmbj46n,EXISTS,Multi-Source
_tze200_vzekyi4c,EXISTS,Multi-Source
_tze200_vzqtvljm,EXISTS,Multi-Source
_tze200_w4cryh2i,EXISTS,Multi-Source
_tze200_w6n8jeuu,EXISTS,Multi-Source
_tze200_wbhaespm,EXISTS,Multi-Source
_tze200_wem3gxyx,EXISTS,Multi-Source
_tze200_wfxuhoea,EXISTS,Multi-Source
_tze200_whkgqxse,EXISTS,Multi-Source
_tze200_whpb9yts,EXISTS,Multi-Source
_tze200_wktrysab,EXISTS,Multi-Source
_tze200_wmcdj3aq,EXISTS,Multi-Source
_tze200_wnp4d4va,EXISTS,Multi-Source
_tze200_wqashyqo,EXISTS,Multi-Source
_tze200_wrmhp6b3,EXISTS,Multi-Source
_tze200_wsbfwodu,MISSING,Multi-Source
_tze200_wukb7rhc,EXISTS,Multi-Source
_tze200_wunufsil,EXISTS,Multi-Source
_tze200_wv90ladg,MISSING,Multi-Source
_tze200_wvovwe9h,EXISTS,Multi-Source
_tze200_wzk0x7fq,EXISTS,Multi-Source
_tze200_x8fp01wi,EXISTS,Multi-Source
_tze200_x9axofse,MISSING,Multi-Source
_tze200_xaabybja,EXISTS,Multi-Source
_tze200_xby0s3ta,EXISTS,Multi-Source
_tze200_xlnzk169,EXISTS,Multi-Source
_tze200_xpq2rzhq,EXISTS,Multi-Source
_tze200_xpvamyfz,EXISTS,Multi-Source
_tze200_xu4a5rhj,MISSING,Multi-Source
_tze200_xuzcvlku,EXISTS,Multi-Source
_tze200_y4mdop0b,MISSING,Multi-Source
_tze200_y8jijhba,EXISTS,Multi-Source
_tze200_ya4ft0w4,EXISTS,Multi-Source
_tze200_yflzeeqj,EXISTS,Multi-Source
_tze200_yh7aoahi,EXISTS,Multi-Source
_tze200_yi4jtqq1,EXISTS,Multi-Source
_tze200_yia0p3tr,EXISTS,Multi-Source
_tze200_yjjdcqsq,EXISTS,Multi-Source
_tze200_yjryxpot,EXISTS,Multi-Source
_tze200_ykgar0ow,EXISTS,Multi-Source
_tze200_ykglasuj,EXISTS,Multi-Source
_tze200_yojqa8xn,EXISTS,Multi-Source
_tze200_ypprdwsl,EXISTS,Multi-Source
_tze200_yqgbrdyo,EXISTS,Multi-Source
_tze200_yrugsphv,MISSING,Multi-Source
_tze200_ysm4dsb1,EXISTS,Multi-Source
_tze200_ytibqbra,EXISTS,Multi-Source
_tze200_yvx5lh6k,EXISTS,Multi-Source
_tze200_ywdxldoj,EXISTS,Multi-Source
_tze200_ywe90lt0,EXISTS,Multi-Source
_tze200_z1tyspqw,MISSING,Multi-Source
_tze200_zah67ekd,EXISTS,Multi-Source
_tze200_zbfmvj13,EXISTS,Multi-Source
_tze200_zl1kmjqx,EXISTS,Multi-Source
_tze200_znbl8dj5,EXISTS,Multi-Source
_tze200_znlqjmih,EXISTS,Multi-Source
_tze200_znzs7yaw,EXISTS,Multi-Source
_tze200_zpzndjez,EXISTS,Multi-Source
_tze200_ztc6ggyl,EXISTS,Multi-Source
_tze200_zuz7f94z,EXISTS,Multi-Source
_tze200_zvo63cmo,EXISTS,Multi-Source
_tze200_zxxfv8wi,EXISTS,Multi-Source
_tze200_zyrdrmno,EXISTS,Multi-Source
_tze204_0hcjew5p,MISSING,Multi-Source
_tze204_1fuxihti,EXISTS,Multi-Source
_tze204_1v1dxkck,EXISTS,Multi-Source
_tze204_1wnh8bqp,EXISTS,Multi-Source
_tze204_2imwyigp,EXISTS,Multi-Source
_tze204_2rvvqjoa,EXISTS,Multi-Source
_tze204_3ejwxpmu,EXISTS,Multi-Source
_tze204_3regm3h6,EXISTS,Multi-Source
_tze204_3t91nb6k,EXISTS,Multi-Source
_tze204_432zhuwe,EXISTS,Multi-Source
_tze204_4bjixefp,EXISTS,Multi-Source
_tze204_57hjqelq,EXISTS,Multi-Source
_tze204_68utemio,EXISTS,Multi-Source
_tze204_6a4vxfnv,EXISTS,Multi-Source
_tze204_6kijc7nd,EXISTS,Multi-Source
_tze204_6wi2mope,EXISTS,Multi-Source
_tze204_78ioiaml,EXISTS,Multi-Source
_tze204_7bztmfm1,EXISTS,Multi-Source
_tze204_7gclukjs,EXISTS,Multi-Source
_tze204_7ytnacie,EXISTS,Multi-Source
_tze204_81yrt3lo,EXISTS,Multi-Source
_tze204_9mjy74mp,MISSING,Multi-Source
_tze204_9qhuzgo0,EXISTS,Multi-Source
_tze204_9yapgbuv,EXISTS,Multi-Source
_tze204_a2jcoyuk,MISSING,Multi-Source
_tze204_a8z0g46u,EXISTS,Multi-Source
_tze204_aagrxlbd,EXISTS,Multi-Source
_tze204_aai5grix,EXISTS,Multi-Source
_tze204_ac0fhfiq,EXISTS,Multi-Source
_tze204_adlblwab,EXISTS,Multi-Source
_tze204_atdqo4nj,EXISTS,Multi-Source
_tze204_atpwqgml,EXISTS,Multi-Source
_tze204_bjzrowv2,EXISTS,Multi-Source
_tze204_bkkmqmyo,EXISTS,Multi-Source
_tze204_bmdsp6bs,EXISTS,Multi-Source
_tze204_bxoo2swd,EXISTS,Multi-Source
_tze204_c2fmom5z,EXISTS,Multi-Source
_tze204_chbyv06x,EXISTS,Multi-Source
_tze204_cirvgep4,EXISTS,Multi-Source
_tze204_cjbofhxw,EXISTS,Multi-Source
_tze204_clrdrnya,EXISTS,Multi-Source
_tze204_cvcu2p6e,MISSING,Multi-Source
_tze204_cvub6xbb,EXISTS,Multi-Source
_tze204_d6i25bwg,EXISTS,Multi-Source
_tze204_d7lpruvi,EXISTS,Multi-Source
_tze204_dapwryy7,EXISTS,Multi-Source
_tze204_dcnsggvz,EXISTS,Multi-Source
_tze204_debczeci,EXISTS,Multi-Source
_tze204_dhotiauw,EXISTS,Multi-Source
_tze204_dikb3dp6,EXISTS,Multi-Source
_tze204_dpqsvdbi,MISSING,Multi-Source
_tze204_dqolcpcp,EXISTS,Multi-Source
_tze204_drs6j6m5,EXISTS,Multi-Source
_tze204_dsagrkvg,EXISTS,Multi-Source
_tze204_dtzziy1e,EXISTS,Multi-Source
_tze204_dvosyycn,EXISTS,Multi-Source
_tze204_dwcarsat,EXISTS,Multi-Source
_tze204_dzuqwsyg,EXISTS,Multi-Source
_tze204_e5m9c5hl,EXISTS,Multi-Source
_tze204_e9ajs4ft,EXISTS,Multi-Source
_tze204_eaulras5,EXISTS,Multi-Source
_tze204_edl8pz1k,EXISTS,Multi-Source
_tze204_eekpf0ft,EXISTS,Multi-Source
_tze204_ejh6owwz,EXISTS,Multi-Source
_tze204_ex3rcdha,EXISTS,Multi-Source
_tze204_f5efvtbv,EXISTS,Multi-Source
_tze204_fhvdgeuh,EXISTS,Multi-Source
_tze204_fncxk3ob,EXISTS,Multi-Source
_tze204_fwondbzy,EXISTS,Multi-Source
_tze204_g2ki0ejr,EXISTS,Multi-Source
_tze204_g4au0afs,EXISTS,Multi-Source
_tze204_g5xqosu7,EXISTS,Multi-Source
_tze204_gbagoilo,EXISTS,Multi-Source
_tze204_gkfbdvyx,EXISTS,Multi-Source
_tze204_gomuk3dc,EXISTS,Multi-Source
_tze204_gops3slb,EXISTS,Multi-Source
_tze204_guvc7pdy,EXISTS,Multi-Source
_tze204_gxbdnfrh,EXISTS,Multi-Source
_tze204_hcxvyxa5,EXISTS,Multi-Source
_tze204_hiith90n,EXISTS,Multi-Source
_tze204_hlx9tnzb,EXISTS,Multi-Source
_tze204_iadro9bf,EXISTS,Multi-Source
_tze204_iaeejhvf,EXISTS,Multi-Source
_tze204_ic7jtutb,MISSING,Multi-Source
_tze204_iik0pquw,EXISTS,Multi-Source
_tze204_ijxvkhd0,EXISTS,Multi-Source
_tze204_ilzkxrav,EXISTS,Multi-Source
_tze204_iuk8kupi,EXISTS,Multi-Source
_tze204_iwn0gpzz,EXISTS,Multi-Source
_tze204_jcwbwckh,EXISTS,Multi-Source
_tze204_jktmrpoj,EXISTS,Multi-Source
_tze204_jygvp6fk,EXISTS,Multi-Source
_tze204_k7mfgaen,EXISTS,Multi-Source
_tze204_khx7nnka,EXISTS,Multi-Source
_tze204_kobbcyum,EXISTS,Multi-Source
_tze204_ksz749x8,EXISTS,Multi-Source
_tze204_kvpwq8z7,EXISTS,Multi-Source
_tze204_kyhbrfyl,EXISTS,Multi-Source
_tze204_l6llgoxq,EXISTS,Multi-Source
_tze204_l8xiyymq,EXISTS,Multi-Source
_tze204_laokfqwu,EXISTS,Multi-Source
_tze204_lawxy9e2,EXISTS,Multi-Source
_tze204_lbbg34rj,EXISTS,Multi-Source
_tze204_lbhh5o6z,EXISTS,Multi-Source
_tze204_lh3arisb,EXISTS,Multi-Source
_tze204_lmgrbuwf,EXISTS,Multi-Source
_tze204_loejka0i,EXISTS,Multi-Source
_tze204_lsanae15,EXISTS,Multi-Source
_tze204_ltwbm23f,EXISTS,Multi-Source
_tze204_lzriup1j,EXISTS,Multi-Source
_tze204_m1wl5fvq,MISSING,Multi-Source
_tze204_m64smti7,EXISTS,Multi-Source
_tze204_mby4kbtq,EXISTS,Multi-Source
_tze204_mexisfik,EXISTS,Multi-Source
_tze204_mhxn2jso,EXISTS,Multi-Source
_tze204_mpbki2zm,EXISTS,Multi-Source
_tze204_mrffaamu,EXISTS,Multi-Source
_tze204_mtoaryre,EXISTS,Multi-Source
_tze204_mul9abs3,EXISTS,Multi-Source
_tze204_muvkrjr5,EXISTS,Multi-Source
_tze204_mvtclclq,EXISTS,Multi-Source
_tze204_mwomyz5n,EXISTS,Multi-Source
_tze204_myd45weu,EXISTS,Multi-Source
_tze204_n9ctkb6j,EXISTS,Multi-Source
_tze204_nbkshs6k,EXISTS,Multi-Source
_tze204_ncti2pro,EXISTS,Multi-Source
_tze204_nklqjk62,EXISTS,Multi-Source
_tze204_nladmfvf,MISSING,Multi-Source
_tze204_no6qtgtl,EXISTS,Multi-Source
_tze204_ntcy3xu1,EXISTS,Multi-Source
_tze204_nvxorhcj,EXISTS,Multi-Source
_tze204_ny94onlb,EXISTS,Multi-Source
_tze204_o3x45p96,EXISTS,Multi-Source
_tze204_odlldrxx,MISSING,Multi-Source
_tze204_ogkdpgy2,EXISTS,Multi-Source
_tze204_ogx8u5z6,EXISTS,Multi-Source
_tze204_oh8y8pv8,EXISTS,Multi-Source
_tze204_ojtqawav,EXISTS,Multi-Source
_tze204_oqtpvx51,EXISTS,Multi-Source
_tze204_pcdmj88b,EXISTS,Multi-Source
_tze204_pfayrzcw,EXISTS,Multi-Source
_tze204_ptaqh9tk,EXISTS,Multi-Source
_tze204_q12rv9gj,EXISTS,Multi-Source
_tze204_q22avxbv,EXISTS,Multi-Source
_tze204_q9xty0ad,EXISTS,Multi-Source
_tze204_qasjif9e,EXISTS,Multi-Source
_tze204_qhlxve78,EXISTS,Multi-Source
_tze204_qyflbnbj,EXISTS,Multi-Source
_tze204_qyr2m29i,EXISTS,Multi-Source
_tze204_r0jdjrvi,EXISTS,Multi-Source
_tze204_r32ctezx,EXISTS,Multi-Source
_tze204_rbbx5mfq,EXISTS,Multi-Source
_tze204_rhblgy0z,EXISTS,Multi-Source
_tze204_rkbxtclc,EXISTS,Multi-Source
_tze204_rtrmfadk,EXISTS,Multi-Source
_tze204_sbyx0lm6,EXISTS,Multi-Source
_tze204_sooucan5,EXISTS,Multi-Source
_tze204_sxm7l9xa,EXISTS,Multi-Source
_tze204_tagezcph,EXISTS,Multi-Source
_tze204_tbgecldg,EXISTS,Multi-Source
_tze204_tdhnhhiy,EXISTS,Multi-Source
_tze204_tzreobvu,EXISTS,Multi-Source
_tze204_ugekduaj,EXISTS,Multi-Source
_tze204_unsxl4ir,EXISTS,Multi-Source
_tze204_uo8qcagc,EXISTS,Multi-Source
_tze204_upagmta9,EXISTS,Multi-Source
_tze204_utkemkbs,EXISTS,Multi-Source
_tze204_uxllnywp,EXISTS,Multi-Source
_tze204_v6iczj35,EXISTS,Multi-Source
_tze204_v9hkz2yn,EXISTS,Multi-Source
_tze204_ves1ycwx,EXISTS,Multi-Source
_tze204_vevc4c6g,EXISTS,Multi-Source
_tze204_vjpaih9f,EXISTS,Multi-Source
_tze204_vmcgja59,EXISTS,Multi-Source
_tze204_vvvtcehj,EXISTS,Multi-Source
_tze204_w1wwxoja,EXISTS,Multi-Source
_tze204_wbhaespm,EXISTS,Multi-Source
_tze204_wfxuhoea,EXISTS,Multi-Source
_tze204_wktrysab,EXISTS,Multi-Source
_tze204_wskr3up8,EXISTS,Multi-Source
_tze204_wvovwe9h,EXISTS,Multi-Source
_tze204_x8fp01wi,EXISTS,Multi-Source
_tze204_xalsoe3m,EXISTS,Multi-Source
_tze204_xnbkhhdr,EXISTS,Multi-Source
_tze204_xpq2rzhq,EXISTS,Multi-Source
_tze204_xsm7l9xa,EXISTS,Multi-Source
_tze204_xu4a5rhj,EXISTS,Multi-Source
_tze204_ya4ft0w4,EXISTS,Multi-Source
_tze204_ycke4deo,EXISTS,Multi-Source
_tze204_yjjdcqsq,EXISTS,Multi-Source
_tze204_yojqa8xn,EXISTS,Multi-Source
_tze204_yrugsphv,MISSING,Multi-Source
_tze204_yvx5lh6k,EXISTS,Multi-Source
_tze204_zenj4lxv,EXISTS,Multi-Source
_tze204_zjhoqbrd,EXISTS,Multi-Source
_tze204_znvwzxkq,EXISTS,Multi-Source
_tze204_zougpkpy,EXISTS,Multi-Source
_tze204_zqq3cipq,EXISTS,Multi-Source
_tze204_ztc6ggyl,EXISTS,Multi-Source
_tze204_ztqnh5cg,EXISTS,Multi-Source
_tze204_zuq5xxib,EXISTS,Multi-Source
_tze284_0ints6wl,EXISTS,Multi-Source
_tze284_0zaf1cr8,EXISTS,Multi-Source
_tze284_1lvln0x6,EXISTS,Multi-Source
_tze284_1wnh8bqp,EXISTS,Multi-Source
_tze284_2gi1hy8s,EXISTS,Multi-Source
_tze284_2se8efxh,EXISTS,Multi-Source
_tze284_33bwcga2,EXISTS,Multi-Source
_tze284_3urschql,EXISTS,Multi-Source
_tze284_432zhuwe,EXISTS,Multi-Source
_tze284_4cqhd2ha,EXISTS,Multi-Source
_tze284_4hdbt6rn,EXISTS,Multi-Source
_tze284_4qznlkbu,EXISTS,Multi-Source
_tze284_5ys44kzo,EXISTS,Multi-Source
_tze284_65gzcss7,EXISTS,Multi-Source
_tze284_6hrnp30w,MISSING,Multi-Source
_tze284_6kijc7nd,EXISTS,Multi-Source
_tze284_6ocnqlhn,MISSING,Multi-Source
_tze284_6teua268,EXISTS,Multi-Source
_tze284_6ycgarab,EXISTS,Multi-Source
_tze284_78ioiaml,EXISTS,Multi-Source
_tze284_7zazvlyn,EXISTS,Multi-Source
_tze284_81yrt3lo,EXISTS,Multi-Source
_tze284_8zizsafo,EXISTS,Multi-Source
_tze284_9ern5sfh,EXISTS,Multi-Source
_tze284_9xstqowh,EXISTS,Multi-Source
_tze284_a14rjslz,EXISTS,Multi-Source
_tze284_aaeaifez,EXISTS,Multi-Source
_tze284_aai5grix,EXISTS,Multi-Source
_tze284_aao3yzhs,EXISTS,Multi-Source
_tze284_ac0fhfiq,EXISTS,Multi-Source
_tze284_agcxaw3f,EXISTS,Multi-Source
_tze284_ai4rqhky,EXISTS,Multi-Source
_tze284_ajlu4cud,EXISTS,Multi-Source
_tze284_ap9owrsa,EXISTS,Multi-Source
_tze284_atuj3i0w,EXISTS,Multi-Source
_tze284_awepdiwi,EXISTS,Multi-Source
_tze284_b7kbnl6q,MISSING,Multi-Source
_tze284_c6wv4xyo,EXISTS,Multi-Source
_tze284_chbyv06x,EXISTS,Multi-Source
_tze284_cjbofhxw,EXISTS,Multi-Source
_tze284_cvub6xbb,EXISTS,Multi-Source
_tze284_cwyqwqbf,EXISTS,Multi-Source
_tze284_d4h8j2n6,MISSING,Multi-Source
_tze284_d7lpruvi,EXISTS,Multi-Source
_tze284_debczeci,EXISTS,Multi-Source
_tze284_dhke3p9w,EXISTS,Multi-Source
_tze284_dikb3dp6,EXISTS,Multi-Source
_tze284_dqolcpcp,EXISTS,Multi-Source
_tze284_dvosyycn,EXISTS,Multi-Source
_tze284_e2bedvo9,EXISTS,Multi-Source
_tze284_eaet5qt5,EXISTS,Multi-Source
_tze284_eekpf0ft,EXISTS,Multi-Source
_tze284_f5efvtbv,EXISTS,Multi-Source
_tze284_fhvpaltk,EXISTS,Multi-Source
_tze284_fncxk3ob,EXISTS,Multi-Source
_tze284_fwondbzy,EXISTS,Multi-Source
_tze284_fzo2pocs,EXISTS,Multi-Source
_tze284_g2e6cpnw,EXISTS,Multi-Source
_tze284_gomuk3dc,EXISTS,Multi-Source
_tze284_gops3slb,MISSING,Multi-Source
_tze284_gyzlwu5q,EXISTS,Multi-Source
_tze284_hdyjyqjm,EXISTS,Multi-Source
_tze284_hecsejsb,EXISTS,Multi-Source
_tze284_iadro9bf,EXISTS,Multi-Source
_tze284_idn2htgu,EXISTS,Multi-Source
_tze284_iilebqoo,EXISTS,Multi-Source
_tze284_iwn0gpzz,EXISTS,Multi-Source
_tze284_iwyqtclw,EXISTS,Multi-Source
_tze284_k7p2q5d9,EXISTS,Multi-Source
_tze284_khah2lkr,EXISTS,Multi-Source
_tze284_kobbcyum,EXISTS,Multi-Source
_tze284_koxaopnk,EXISTS,Multi-Source
_tze284_kyyu8rbj,EXISTS,Multi-Source
_tze284_l8xiyymq,EXISTS,Multi-Source
_tze284_lbhh5o6z,EXISTS,Multi-Source
_tze284_libht6ua,EXISTS,Multi-Source
_tze284_loejka0i,EXISTS,Multi-Source
_tze284_ltwbm23f,MISSING,Multi-Source
_tze284_m1cvyneb,EXISTS,Multi-Source
_tze284_madl8ejv,EXISTS,Multi-Source
_tze284_mrffaamu,EXISTS,Multi-Source
_tze284_myd45weu,EXISTS,Multi-Source
_tze284_nhgdf6qr,EXISTS,Multi-Source
_tze284_nklqjk62,EXISTS,Multi-Source
_tze284_nt4pquef,EXISTS,Multi-Source
_tze284_ny94onlb,EXISTS,Multi-Source
_tze284_o3x45p96,EXISTS,Multi-Source
_tze284_o9ofysmo,EXISTS,Multi-Source
_tze284_ogx8u5z6,EXISTS,Multi-Source
_tze284_oitavov2,EXISTS,Multi-Source
_tze284_p3dbf6qs,EXISTS,Multi-Source
_tze284_pcdmj88b,EXISTS,Multi-Source
_tze284_pglpvdar,EXISTS,Multi-Source
_tze284_qhlxve78,EXISTS,Multi-Source
_tze284_qyflbnbj,EXISTS,Multi-Source
_tze284_r3szw0xr,EXISTS,Multi-Source
_tze284_rccxox8p,EXISTS,Multi-Source
_tze284_rv6iuyxb,MISSING,Multi-Source
_tze284_s5vuaadg,EXISTS,Multi-Source
_tze284_sgabhwa6,EXISTS,Multi-Source
_tze284_tbgecldg,EXISTS,Multi-Source
_tze284_tdhnhhiy,EXISTS,Multi-Source
_tze284_tgeqdjgk,EXISTS,Multi-Source
_tze284_tuhfx7tf,EXISTS,Multi-Source
_tze284_tzreobvu,EXISTS,Multi-Source
_tze284_udank5zs,MISSING,Multi-Source
_tze284_upagmta9,EXISTS,Multi-Source
_tze284_uqfph8ah,EXISTS,Multi-Source
_tze284_utkemkbs,EXISTS,Multi-Source
_tze284_v9hkz2yn,EXISTS,Multi-Source
_tze284_ves1ycwx,EXISTS,Multi-Source
_tze284_vjpaih9f,EXISTS,Multi-Source
_tze284_vmcgja59,EXISTS,Multi-Source
_tze284_vuwtqx0t,EXISTS,Multi-Source
_tze284_vvmbj46n,EXISTS,Multi-Source
_tze284_wbhaespm,EXISTS,Multi-Source
_tze284_wckqztdq,EXISTS,Multi-Source
_tze284_xc3vwx5a,EXISTS,Multi-Source
_tze284_xnbkhhdr,EXISTS,Multi-Source
_tze284_xpvamyfz,EXISTS,Multi-Source
_tze284_yjjdcqsq,EXISTS,Multi-Source
_tze284_ymldrmzx,EXISTS,Multi-Source
_tze284_yzr43ayq,EXISTS,Multi-Source
_tze284_z5jz7wpo,EXISTS,Multi-Source
_tze284_zeldawjv,EXISTS,Multi-Source
_tze284_zjhoqbrd,EXISTS,Multi-Source
_tze284_zm8zpwas,EXISTS,Multi-Source
_tze284_znlqjmih,EXISTS,Multi-Source
_tze284_znvwzxkq,EXISTS,Multi-Source
_tze284_zpvusbtv,EXISTS,Multi-Source
_tze284_zqq3cipq,EXISTS,Multi-Source
_tze600_ogyg1y6b,EXISTS,Multi-Source
_tze608_c75zqghm,MISSING,Multi-Source
_tze608_fmemczv1,MISSING,Multi-Source
_tze608_lapuuoke,MISSING,Multi-Source
_tze608_xkr8gep3,MISSING,Multi-Source
